,site,n,d18O,d2H,a,b,theta,area,intersect_area,perc overlap,koppen,clim
0,Ehl_83,0,-13.34079285156474,-99.42711520808,2.3709602085315256,93.70116471384478,-0.128687707805707,nan,nan,nan,Dfb,D
1,Ehl_83,159,-13.340390889611747,-99.42547479170895,19.045274815573922,92.85652074805284,0.1154331772935833,5546.91541644,nan,1,Dfb,D
2,Ehl_83,18,-10.952313279702429,-80.77540390436168,7.907804060198544,267.8919749700064,-0.011445487931696264,6644.57761565,2400.10365203,0.361212373586,Dfb,D
3,Ehl_83,18,-14.670661279918498,-110.68945370251208,27.53984082637376,537.7942360469697,-0.14593480821075788,46454.6898893,5351.34179147,0.115194866314,Dfb,D
4,Ehl_83,24,0.05214260208582466,-104.62195525917407,814.9826030445357,57784.03134724929,0.05897702197796166,147709415.673,5546.91541644,3.7552889849e-05,Dfb,D
5,Ehl_83,24,-11.829489146229632,-89.97062509260076,7.235625716541992,194.6830045938525,0.10633647266311887,4418.31206448,2503.17529689,0.56654560845,Dfb,D
6,Ehl_83,24,-14.589302663435191,-109.95339003440577,8.21226381599871,304.39334337026185,-0.03914470665120355,7840.60983031,2375.55404101,0.302980774763,Dfb,D
7,Ehl_83,24,-14.908608504264269,-110.93997348293065,30.95583104204437,297.05332849618077,-0.25961686627123637,28842.2332201,4917.6051922,0.170500153531,Dfb,D
8,Ehl_83,24,-13.491683735556682,-98.94442040190388,682.5329370900679,90.68070662521711,0.444028606936231,194129.05202,5546.91541644,0.0285733400473,Dfb,D
9,Ehl_83,30,-13.824144649137002,-100.50022957801778,23.656600752013276,125.94354668341404,0.2805639528825207,9345.02060658,5214.02226849,0.557946577969,Dfb,D
10,Ehl_83,30,-12.796527264086434,-97.74985134793373,9.761563097605856,48.95919656529982,0.04846770940893033,1499.01350955,1499.01350955,1.0,Dfb,D
11,Ehl_83,30,-11.808029849860052,-88.14437115117912,11.22751613025869,127.78246528994714,-0.16193020471884312,4499.94413358,2354.76649612,0.523287940075,Dfb,D
12,Ehl_83,30,-14.600397349144748,-107.10431393791278,17.892886241134494,698.2649212269008,0.14310620927926035,39187.9659687,5275.39256787,0.134617667375,Dfb,D
13,Ehl_83,30,-14.65506566947162,-110.09517853632498,12.874306372417276,202.33511041065276,-0.04364544957930832,8170.47335725,3519.75724063,0.43078988043,Dfb,D
14,Ehl_83,30,-11.980681908066646,-89.78244248648538,7.14466866863309,85.9427289036539,-0.04492996328033699,1925.94253772,1741.63336017,0.904301829395,Dfb,D
15,Ehl_83,30,-16.479413158606263,-79.16963975542293,418.6213360563735,36506.50169222697,0.10611922620245455,47933990.7101,5546.91541644,0.000115719875067,Dfb,D
16,Ehl_83,30,-14.80614667599038,-110.58311981307405,8.300092228491307,122.56770067232445,-0.05836493185666692,3190.88273528,2165.78823966,0.678742661305,Dfb,D
17,Ehl_83,30,-16.16680634021819,-112.1519311675895,15.544176904234435,653.7436194223757,0.09458691034190327,31873.3187766,4758.35756654,0.149289680183,Dfb,D
18,Ehl_83,30,-13.142450009791139,-95.99657153693818,41.79339609308523,241.80519391181235,0.35216745617480766,31697.5231522,5546.91541644,0.174995231955,Dfb,D
19,Ehl_83,36,-13.248680356296134,-98.13583858047622,5.458330282592286,129.84015897646705,-0.025573779961864836,2222.90466249,1561.90300201,0.702640571306,Dfb,D
20,Ehl_83,36,-15.826358989362614,-117.92529102047222,19.606018971864497,40.99125634936461,-0.017594364107457624,2520.76706157,2238.674557,0.888092593375,Dfb,D
21,Ehl_83,36,-15.362073497850382,-114.34965156962578,12.03213734163792,122.56295718550915,-0.19796681948582381,4625.45141502,2328.12712896,0.50332971208,Dfb,D
22,Ehl_83,36,-13.468317435593999,-98.4778607465662,14.332336961386702,68.93906951806298,-0.07567658098860165,3099.09242606,2914.59918616,0.940468622897,Dfb,D
23,Ehl_83,36,-15.646369943027242,-116.68613234429182,5.09185002190462,251.3370294830125,-0.01703839359293424,4014.06209266,1545.58845083,0.385043483423,Dfb,D
24,Ehl_83,36,-15.323764049368947,-114.50059045295245,10.368453166340899,237.3090577050218,-0.0013798441781688396,7717.56263409,3147.22557247,0.407800457436,Dfb,D
25,Ehl_83,36,-12.657087916416758,-93.60643230185863,25.256925470132554,168.03492073837458,0.31346299300463215,13311.65674,5267.78187057,0.395726991271,Dfb,D
26,Ehl_83,36,-12.742513925918711,-96.53388657155266,13.982358732949608,57.18629962351315,-0.049898710826198546,2507.98239671,2505.06498452,0.998836749334,Dfb,D
27,Ehl_83,36,-12.323043635782359,-93.63559783843192,11.839538241743032,89.11997004112145,-0.2750482347687973,3309.496048,1946.42888152,0.588134523592,Dfb,D
28,Ehl_83,36,-12.1129449597967,-89.45862980878555,12.048860245892042,455.8742558177093,-0.07679342102581124,17228.3241973,3161.71472484,0.183518413551,Dfb,D
29,Ehl_83,48,-14.834898780102309,-109.42617888887784,30.677839524020843,476.09217670024464,0.06489459180578933,45810.7953798,5546.91541644,0.121083150171,Dfb,D
30,Ehl_83,48,-14.928524723847552,-110.06270452840755,36.01970438362111,215.6592851386511,-0.22383740130984392,24364.6551274,5459.00532352,0.224054282524,Dfb,D
31,Ehl_83,48,-11.909099423930803,-90.19393729496112,21.026492869199163,393.7221875069413,0.05237787120522785,25966.2168179,5519.93360715,0.212581356994,Dfb,D
32,Ehl_83,48,-12.150893718233986,-91.58695027917545,21.17238125619135,272.29819816233294,0.22155552807524595,18082.8323804,5338.49519779,0.295224502748,Dfb,D
33,Ehl_83,48,-61.964514285842924,-100.98472382505129,1105.860344893927,9574.09277828179,0.5337622699181297,33208550.5859,5546.91541644,0.000167032746644,Dfb,D
34,Ehl_83,48,-13.889667933149498,-102.84865123736414,20.167088751986856,109.37678358597746,-0.14876738478762166,6918.63431099,3911.90844268,0.565416275357,Dfb,D
35,Ehl_83,48,-11.780281122962917,-88.64325936212619,7.4794928081043235,125.16178545998223,-0.028458413659678616,2936.268442,2081.0969761,0.708755693564,Dfb,D
36,Ehl_83,48,-12.808058610765817,-97.41938172557909,13.09004822312519,249.33349965839395,-0.07250739266482377,10237.0292674,3403.43408023,0.332463060458,Dfb,D
37,Ehl_83,48,-15.184490613888885,-113.25715505414169,7.0546504206650775,38.83614073794657,0.009025427638172281,859.337049063,859.337049063,1.0,Dfb,D
38,Ehl_83,48,-13.223632468038568,-97.89375427394077,16.56187212947533,87.71878231703363,0.09855584290372896,4556.73696891,4556.73696891,1.0,Dfb,D
39,Ehl_83,60,-14.790120307020683,-110.1388683678075,23.493557021096116,172.86653949440688,0.13912490218095627,12738.3089043,5546.91541644,0.435451476181,Dfb,D
40,Ehl_83,60,-13.252881965285457,-98.15047292123968,5.540941886059628,40.56385994664819,-0.007689264270246349,704.976643433,704.976643433,1.0,Dfb,D
41,Ehl_83,60,-13.490228517042429,-98.54277788482123,143.9922440799399,63.06713113366687,0.43597184349510654,28483.5530125,4533.38928767,0.159158138933,Dfb,D
42,Ehl_83,60,-12.182842273755254,-92.07383015410107,39.80125187017316,115.65880600098986,0.02415100516003963,14438.6782056,5546.91541644,0.384170582477,Dfb,D
43,Ehl_83,60,-14.692872259616024,-108.8312931925861,8.862976109160353,249.0903108096996,-0.08716596254437174,6924.50301137,2291.10883021,0.330869786098,Dfb,D
44,Ehl_83,60,-14.128066831382679,-104.73283615630162,7.6168114666996525,69.14316106870983,0.04755096071825215,1651.86424278,1651.86424278,1.0,Dfb,D
45,Ehl_83,60,-12.484901099224627,-97.8897447845026,177.40281652583099,51.862963548928114,0.12351765733538504,28858.2389428,3723.65480026,0.129032641515,Dfb,D
46,Ehl_83,60,-13.474151950752136,-99.86455088032719,8.369187020487033,1966.774598727487,-0.0024429910617684465,51628.5614711,2638.19805928,0.051099584883,Dfb,D
47,Ehl_83,60,-13.559502337905288,-100.6436190763253,12.24655417563868,210.7670674966062,-0.006862113623084864,8095.96317708,3631.16050231,0.448514947867,Dfb,D
48,Ehl_83,60,-13.035000949335,-96.52362882214457,5.398341408110209,125.86540495293154,-0.032946185083798644,2131.1724844,1516.14926548,0.71141555955,Dfb,D
49,Ehl_83,72,-13.069815807342922,-97.6023102393167,17.14124461379539,73.59327683789307,0.08797658633320321,3956.69342468,3956.69342468,1.0,Dfb,D
50,Ehl_83,72,-13.612730191292549,-100.33776854220525,56.53671755753351,29.979556209732984,-0.3827260851228122,5316.28028474,2387.13613727,0.449023755223,Dfb,D
51,Ehl_83,72,-14.599308869936413,-108.15405388621679,5.527821349927806,334.252525323244,0.02112682297164913,5795.36244403,1823.21260865,0.314598547762,Dfb,D
52,Ehl_83,72,-12.552052112179087,-94.6277608198752,18.15664553564096,139.84081898169163,0.21518380342453874,7963.82466537,4979.92287246,0.625317995023,Dfb,D
53,Ehl_83,72,-14.706804076054054,-109.13390365995886,9.159808182445165,635.5348531537873,-0.037588688669081285,18259.0358667,2666.59492159,0.146042482257,Dfb,D
54,Ehl_83,72,-12.698667769274941,-95.45048723786915,19.150349740647037,93.29535437078229,0.02171952199201415,5603.8786224,4795.99665336,0.855835212809,Dfb,D
55,Ehl_83,72,-14.672768402832862,-108.18529398745713,6.38376533355686,270.184133211993,-0.055087354831714105,5409.89795828,1793.65771084,0.331551116985,Dfb,D
56,Ehl_83,72,-13.782985043806656,-102.26547173121897,6.083611215649264,60.42208879127051,0.02145371440657376,1152.94639203,1152.94639203,1.0,Dfb,D
57,Ehl_83,72,-13.837204754985194,-102.68049718854898,60.148737149040656,497.09912510094716,0.013077731768732241,93782.4433189,5546.91541644,0.0591466293705,Dfb,D
58,Ehl_83,72,-12.245500238789319,-92.26033906049032,8.873624054995084,262.815802885852,-0.06687228437408906,7314.83111283,2402.38657984,0.328426800671,Dfb,D
59,Ehl_83,84,-12.577785338301215,-94.07463575762168,16.116845657271018,317.3114606493491,-0.05146333150182263,16040.5009503,4269.59202179,0.266175728241,Dfb,D
60,Ehl_83,84,-12.800663284252593,-95.59024009269292,11.000222628126169,76.70391050282957,0.09299875056654153,2646.49379324,2646.49379324,1.0,Dfb,D
61,Ehl_83,84,-13.833722420146609,-102.75444279746719,9.076048020197364,57.834184260349836,0.17798281447195868,1646.39283777,1646.39283777,1.0,Dfb,D
62,Ehl_83,84,-12.76504841808138,-95.27694420148505,20.02671414814364,207.28363449623478,0.054619331382651196,13020.4687801,5521.59416253,0.424070304672,Dfb,D
63,Ehl_83,84,-13.56698138860449,-101.10400546458311,8.270158872257854,87.79924892035613,-0.061524838122238086,2277.49128569,2011.95871231,0.883410059549,Dfb,D
64,Ehl_83,84,-13.89432973801517,-102.63992310111801,8.099648267222776,118.12908794058526,0.14042241905098835,3001.06303216,2613.39134661,0.870821878315,Dfb,D
65,Ehl_83,84,-14.085622385131671,-103.97706149660691,6.436189345998189,1026.9208113208301,0.01641740220415161,20730.8837822,2120.44556702,0.102284378674,Dfb,D
66,Ehl_83,84,-13.36315915626548,-100.07372550244465,7.8157744488832135,77.32285597218592,0.03110072012153309,1895.53446779,1895.53446779,1.0,Dfb,D
67,Ehl_83,84,-14.066408416091676,-104.64312908898596,26.83302065424804,204.04335234844507,0.05072030017927149,17172.9144181,5546.91541644,0.323003730258,Dfb,D
68,Ehl_83,84,-14.079539030000396,-104.91384758438673,5.578913823189282,95.46353420125277,-0.07171364511197674,1670.47065502,1377.98051707,0.824905551571,Dfb,D
69,Ehl_83,96,-13.644720285620782,-103.8583675201489,15.083492552533077,497.8451956243148,0.1430655081510024,23553.1050971,4886.67924852,0.207474947714,Dfb,D
70,Ehl_83,96,-13.22549494077567,-98.03566420704198,296.48423391915753,59.76329478621769,0.5623755971788446,55576.1044185,4538.02991537,0.0816543362089,Dfb,D
71,Ehl_83,96,-14.078675123164139,-104.29286468170348,132.38889471864596,77.61697269200009,0.7466185023212926,32229.9945258,5444.81778297,0.168936354569,Dfb,D
72,Ehl_83,96,-13.984106628826394,-103.26143592114289,53.854754235806574,1075.9502232195248,-0.20471437409895904,181747.396728,5546.91541644,0.0305199167433,Dfb,D
73,Ehl_83,96,-12.335663651577722,-92.01276674207678,11.53813071009134,52.265787932779695,0.05433431079432094,1891.49393488,1891.49393488,1.0,Dfb,D
74,Ehl_83,96,-13.292205517228698,-100.5943537273122,23.202668000078575,91.81665545058523,-0.4171349418234004,6682.07675323,2925.73898531,0.437848754715,Dfb,D
75,Ehl_83,96,-13.540666734732461,-100.8801027854708,7.646895171291164,210.12666659395555,-0.029990264853957314,5039.86142081,2237.79511409,0.444019175776,Dfb,D
76,Ehl_83,96,-13.550294633024032,-100.11383143057607,21.585996567999466,388.1597115233624,0.2406768286200673,26280.5611093,5502.26909906,0.20936650006,Dfb,D
77,Ehl_83,96,-13.841556339978485,-103.22675642771897,10.946759402406236,61.2936007563865,-0.002781249027529912,2104.5184256,2104.5184256,1.0,Dfb,D
78,Ehl_83,96,-12.918235359479715,-96.52911923995435,6.1600876490897605,121.45313584249608,-0.0011851686190659072,2346.64724863,1815.58261806,0.773692176835,Dfb,D
79,Ehl_83,108,-13.583003324884066,-100.9984378342035,16.75939173030122,586.3072698889583,-0.13320135159619145,30820.2028438,3787.82535396,0.12290072759,Dfb,D
80,Ehl_83,108,-12.564388345790887,-93.71271088353727,7.864304856728927,111.25454483311637,-0.024956645816042893,2744.28884731,2165.64646121,0.789146690347,Dfb,D
81,Ehl_83,108,-13.660145990595177,-101.79913027201042,6.175211289860349,108.08881445700167,0.0190761830555399,2093.55547244,1827.7115147,0.873017953793,Dfb,D
82,Ehl_83,108,-13.721327292174303,-102.58678062226365,9.468740247436825,123.714278071889,-0.03235613987528918,3674.21046253,2603.80199175,0.708669799484,Dfb,D
83,Ehl_83,108,-13.388183973561448,-99.2120745478726,6.201259609353963,121.92565491842483,0.03159420037704112,2371.52127989,1923.40642809,0.811043292926,Dfb,D
84,Ehl_83,108,-13.720146149051015,-101.80610123456503,7.021616122376662,74.94632552655126,0.09437418427174059,1650.59186153,1650.59186153,1.0,Dfb,D
85,Ehl_83,108,-13.358257622189239,-100.33143195526682,7.360764128958259,327.4929268047668,-0.050168682959507375,7560.95394075,2093.69651662,0.276909042567,Dfb,D
86,Ehl_83,108,-13.424893119533028,-99.77001750030378,14.352801909298147,232.05521901914742,-0.17293565380353115,10446.7206446,3001.85259078,0.287348795178,Dfb,D
87,Ehl_83,108,-12.687833932624523,-94.36664331659182,12.925727101966881,997.1313988193207,-0.05573457966722312,40425.8796263,3535.70216798,0.0874613539809,Dfb,D
88,Ehl_83,108,-12.422937838098289,-92.91867614902529,20.82717996267078,37.725763624562,0.06984326342238002,2464.45262552,2353.15829495,0.954840142019,Dfb,D
89,Ehl_83,120,-13.854584460551212,-103.26915706317016,6.304159609349945,181.52858340431516,-0.03308087823902509,3589.4197121,1828.76622163,0.509487986446,Dfb,D
90,Ehl_83,120,-13.66108775791103,-101.90575235631626,7.105922321898809,130.76615369244303,-0.001150036832671199,2914.52414369,2113.40502254,0.725128672243,Dfb,D
91,Ehl_83,120,-13.210680505928105,-99.068125064896,9.710124182772526,81.73835969825655,-0.0282674109969226,2489.44492633,2392.7476921,0.961157110485,Dfb,D
92,Ehl_83,120,-12.671500088305594,-94.60410463104117,8.447228670246558,207.35685615492454,-0.08177851221716463,5493.95038468,2201.78331824,0.400765053208,Dfb,D
93,Ehl_83,120,-13.252823730130963,-99.17017417603475,11.335970343749528,147.50885521043506,-0.005364554299650395,5244.79841444,3312.13650965,0.631508829879,Dfb,D
94,Ehl_83,120,-13.527063988074776,-101.0781407164702,12.503001663184705,150.05843319269707,0.05321669253442552,5884.731273,3966.01736047,0.673950462048,Dfb,D
95,Ehl_83,120,-13.20821555495919,-98.44677656683477,9.501135876515663,279.59633043695146,-0.04672975660082941,8332.19048771,2683.60834276,0.32207717127,Dfb,D
96,Ehl_83,120,-12.75605644787182,-94.80934620280075,7.638260943312371,191.83592573526795,-0.059322051730882154,4595.9616399,2090.75850601,0.454912088008,Dfb,D
97,Ehl_83,120,-13.490933533948823,-99.7705707732728,14.08672885758566,367.3495518650938,-0.14471381591509172,16230.866617,3154.57187931,0.194356342994,Dfb,D
98,Ehl_83,120,-13.619382574789277,-101.54205816058318,5.532362381282533,194.42049194986896,0.0035091742022485277,3373.68454819,1737.41901314,0.514991543613,Dfb,D
99,SAfricaPrec_02,0,-2.714229363979183,-9.369956686173285,1.860514288852968,26.867588724546568,-0.14270913768191534,nan,nan,nan,Csb,C
100,SAfricaPrec_02,148,-2.737996907645028,-8.883068159573433,2.704318068420521,310.92950652441186,0.008169972903849935,2637.37587069,nan,1,Csb,C
101,SAfricaPrec_02,18,-2.4422687606384166,-6.996523988258219,10.907965142863969,38.8227291826029,-0.1630642380485177,1328.25669139,358.784440269,0.27011679489,Csb,C
102,SAfricaPrec_02,18,-2.2958137572040593,-6.315499881389624,9.78825831523921,39.58807181564807,0.09898200479095745,1215.40727714,396.943832892,0.326593266601,Csb,C
103,SAfricaPrec_02,24,-2.5318014849991726,-8.834812192661941,17.683446693674124,73.71788114885928,0.45564543056178125,4088.76209663,393.507704347,0.0962412816024,Csb,C
104,SAfricaPrec_02,24,-2.5754542224419965,-8.788583093134342,15.189602453727636,84.14848675674715,0.28456895657866,4009.07952071,504.292633696,0.125787635564,Csb,C
105,SAfricaPrec_02,24,-2.9043087933405096,-10.104446934077846,3.3916810887232147,20.770656460230907,0.0018205775663109253,220.961786844,196.880805045,0.891017437256,Csb,C
106,SAfricaPrec_02,24,-2.247286051391665,-7.715997249771425,2.8856479228393326,11.80509681557622,-0.030772525328425535,106.847737594,99.3566572489,0.929890136056,Csb,C
107,SAfricaPrec_02,24,-3.372116236394576,-8.987648752974012,12.042113681781302,125.85095612359581,0.19400928503557124,4753.47406542,621.956183524,0.130842448063,Csb,C
108,SAfricaPrec_02,24,-2.541499983096187,-8.115165547252829,5.042301735847083,29.258206259919422,0.060083973141708824,462.730834361,288.441971176,0.623347202644,Csb,C
109,SAfricaPrec_02,24,-2.667532516424302,-12.0061699608794,17.074594429908384,67.67132011763579,-0.38344266308485064,3624.15645614,410.657365819,0.113311158276,Csb,C
110,SAfricaPrec_02,24,-2.5809574644888564,-7.237819472648915,5.207478914444814,47.317146950846805,0.09186343892973912,772.855309894,394.651070522,0.510640304168,Csb,C
111,SAfricaPrec_02,24,-2.740419309986028,-8.339665341939119,4.385878762403624,18.69099861334627,0.14761444890782924,257.123214265,166.152061063,0.646196266402,Csb,C
112,SAfricaPrec_02,24,-2.770401070880875,-8.069321532208107,2.4140202287062604,33.0079843757404,-0.012271714658569032,249.926218068,249.926218068,1.0,Csb,C
113,SAfricaPrec_02,30,-2.7521164618351084,-7.855380962044951,7.15243504910633,142.45134859113313,-0.08837366481177902,3195.75000834,700.931710711,0.219332459949,Csb,C
114,SAfricaPrec_02,30,-3.146539662295535,-7.274040623428339,21.398518480588653,116.24532343386043,-0.5771310348697744,7802.09475431,401.966511709,0.051520331958,Csb,C
115,SAfricaPrec_02,30,-2.970998051052806,-10.479744898846548,2.8209624722198723,44.68968635656546,-0.029642753819796305,395.417855314,358.299492571,0.906128764184,Csb,C
116,SAfricaPrec_02,30,-2.581982902674136,-11.143870744882147,9.776432008240514,18.83885894512711,-0.7033485582799094,577.679451706,137.674372327,0.238323125256,Csb,C
117,SAfricaPrec_02,30,-3.0584708068765263,-9.299506464520118,7.619535004359795,73.03999716375543,-0.16936262642250186,1745.58710032,399.323069889,0.228761469316,Csb,C
118,SAfricaPrec_02,30,-3.3474178844876494,-4.615751834994446,9.079347207930194,553.3335924518468,0.034828832912017,15757.7352268,2542.95114698,0.161377958849,Csb,C
119,SAfricaPrec_02,30,-2.5492907738154114,-10.855908451470626,5.941768782456679,109.06889070442189,0.08658597369416034,2032.67869879,659.57497523,0.324485603959,Csb,C
120,SAfricaPrec_02,30,-2.697016631944363,-9.039692149108374,7.942224816860472,144.91965862826348,-0.12281811790098852,3610.11656968,600.463107157,0.166327899825,Csb,C
121,SAfricaPrec_02,30,10.837792414377613,-28.049994750083968,157.39910397315955,3183.260015957538,0.10240435263346621,1571543.35125,2637.37587069,0.00167820752039,Csb,C
122,SAfricaPrec_02,30,-3.5959036090849454,-8.691619009938126,12.79887492178163,68.04760804088419,-0.43546263231930354,2731.72206278,298.519818828,0.109278986649,Csb,C
123,SAfricaPrec_02,36,-2.438584657708178,-9.868212160276128,4.92182659394759,63.4560261364304,-0.09129905631664421,979.606172588,412.566133152,0.421155097524,Csb,C
124,SAfricaPrec_02,36,-2.815727762182417,-8.50358393756617,11.241304051327333,122.71769521129066,-0.16326815272337925,4326.88897071,623.602935238,0.144122703277,Csb,C
125,SAfricaPrec_02,36,-2.8348149472542405,-7.974985734289046,29.841676464685897,21.767934807414832,-0.553723974862284,2037.4755566,251.794217799,0.123581466773,Csb,C
126,SAfricaPrec_02,36,-2.840086651602257,-9.503313920263842,2.7518729631398595,62.2736578585861,0.08684653719844594,537.507230795,315.151744655,0.586320939699,Csb,C
127,SAfricaPrec_02,36,-2.878493521223613,-10.61420901716014,1.4798478577514584,10.317955917091664,0.014061107621699933,47.8920627407,47.8920627407,1.0,Csb,C
128,SAfricaPrec_02,36,-2.420504415335554,-7.958085611486434,1.8910705799745178,27.20701405080793,0.05811818454287254,161.376550253,161.376550253,1.0,Csb,C
129,SAfricaPrec_02,36,-3.0428157609657194,-10.87933038951278,2.1336213681279834,27.929155447210796,-0.0018586220836076628,186.9075969,186.9075969,1.0,Csb,C
130,SAfricaPrec_02,36,-3.0236188760403038,-11.050504798818087,8.208083186502623,90.24753672493661,-0.17792880706965233,2323.42661152,428.346913122,0.184359992693,Csb,C
131,SAfricaPrec_02,36,-2.9258945005148713,-7.530262014314065,29.93061453093862,108.59169028674361,0.5580827554451598,10194.4585915,561.222432665,0.0550517153638,Csb,C
132,SAfricaPrec_02,36,-3.0116493504802917,-11.080579901935343,6.263398383286788,63.61548178384314,0.10477151366406112,1249.75522876,481.706315,0.385440527803,Csb,C
133,SAfricaPrec_02,48,-2.685723308290586,-8.73777932088535,3.048576914483802,19.425486975268573,0.10029857547632594,185.746904412,161.586310075,0.86992733788,Csb,C
134,SAfricaPrec_02,48,-2.6966237008940572,-10.750344982461469,2.364424232496667,24.91870285312416,0.02950183162600581,184.800019158,184.800019158,1.0,Csb,C
135,SAfricaPrec_02,48,-2.5044461063740915,-7.793643533291868,3.622572888817507,15.455155255563307,-0.10257423402696786,175.607191701,138.709140498,0.789883029018,Csb,C
136,SAfricaPrec_02,48,-2.3206921132320897,-7.827253680917568,13.02296895908098,68.83833827280148,-0.2790654043693652,2811.8518512,415.916936635,0.147915665065,Csb,C
137,SAfricaPrec_02,48,-2.487742564645088,-7.424993561092686,7.2685539924723575,43.650159922042974,-0.30957481027463585,995.143311232,222.741728899,0.223828795697,Csb,C
138,SAfricaPrec_02,48,-2.7532366248602527,-10.167276677259746,13.514761832409775,51.65654121968022,0.4323280428599686,2189.70523767,305.782392499,0.139645458776,Csb,C
139,SAfricaPrec_02,48,-2.7640504906063077,-9.597538125636925,12.129387681550527,86.27298930823088,0.19122802887889165,3282.20585722,568.317064943,0.173150950813,Csb,C
140,SAfricaPrec_02,48,-2.593958066646697,-10.33178709303916,10.181605053294799,31.824380322914173,-0.40444901594020305,1016.31518663,220.113628009,0.216580083526,Csb,C
141,SAfricaPrec_02,48,-3.0921203965736597,-10.89109775745413,8.888394425810953,40.82408897091829,-0.27713364301218135,1138.12934439,271.789252883,0.238803484175,Csb,C
142,SAfricaPrec_02,48,-2.965071924520975,-10.733064541070394,5.083605137212999,19.510559139193774,-0.31033443091476987,311.095669891,134.633889083,0.432773265953,Csb,C
143,SAfricaPrec_02,60,-2.889638232877901,-11.444256223514827,9.92939474089738,26.787185404345742,0.21378193574686885,834.260599394,254.709139279,0.305311241433,Csb,C
144,SAfricaPrec_02,60,-2.498113206396573,-7.3859706314343345,4.2260302075754925,84.19471152349529,0.02743872890345104,1116.01334334,787.806579787,0.705911434203,Csb,C
145,SAfricaPrec_02,60,-2.807011758301812,-9.417803428689108,4.558822236173775,95.19214004189008,-0.042732576873049606,1361.14860119,678.442827053,0.49843406257,Csb,C
146,SAfricaPrec_02,60,-2.8141076240811453,-9.999501983956797,12.253788354546144,104.90644661811493,-0.22127923189904705,4032.038128,517.234626484,0.12828118437,Csb,C
147,SAfricaPrec_02,60,-2.565535164840027,-7.715776820603707,4.002174276389742,88.62929155423605,-0.07105342931824825,1112.56350151,462.736307636,0.415919007775,Csb,C
148,SAfricaPrec_02,60,-2.728753439311048,-8.183528016566928,2.7465902146992778,21.662493982670163,-0.04509104609278048,186.61829437,180.503384493,0.967233063099,Csb,C
149,SAfricaPrec_02,60,-2.870467100798742,-9.714248385532423,2.714708264112261,119.02364189836506,-0.023181934142204295,1013.46481711,696.696707704,0.687440447798,Csb,C
150,SAfricaPrec_02,60,-2.724155413914192,-8.302962152140196,5.469546466213944,122.43038338328564,-0.04758631487268965,2100.35546104,803.412911999,0.38251283028,Csb,C
151,SAfricaPrec_02,60,-2.7645475377709765,-8.37126087489184,3.517706341604348,38.31701836352835,-0.15613039124405487,422.769613668,198.024781266,0.468398803659,Csb,C
152,SAfricaPrec_02,60,-2.8761734095622784,-10.981894023338796,3.078003114449261,62.39065761692491,-0.04890133040367662,602.337915116,413.051676279,0.685747428334,Csb,C
153,SAfricaPrec_02,72,-2.8810241934229692,-9.702117224975966,3.9138700197574754,25.215992151154605,0.04382035069564911,309.552578554,243.438651178,0.786421009043,Csb,C
154,SAfricaPrec_02,72,-2.629151482427023,-9.580419392566444,11.013445987243802,148.68531760452717,0.14725930998574258,5136.21840087,749.403301245,0.145905653295,Csb,C
155,SAfricaPrec_02,72,-2.6575832351936337,-9.367736273164025,2.9857084276645014,26.67747702701714,0.09906408693311405,249.829910131,203.779190452,0.815671711786,Csb,C
156,SAfricaPrec_02,72,-2.688910210009323,-9.00533920562369,2.1172691446804746,20.257031371697057,-0.016442396997867592,134.525316125,134.525316125,1.0,Csb,C
157,SAfricaPrec_02,72,-2.616072079772106,-8.429525493578586,8.755725111312696,163.52407167684262,-0.12204510481870524,4490.82420434,667.020303341,0.14852959568,Csb,C
158,SAfricaPrec_02,72,-2.5753844958970493,-7.365196785027261,3.123493785490733,49.023211730335476,0.0650600156693999,480.279302248,364.226866261,0.75836469437,Csb,C
159,SAfricaPrec_02,72,-2.9291788648028354,-7.364634418506245,43.40379226677071,985.1740945820535,0.10499131226328741,134119.720909,2637.37587069,0.0196643405818,Csb,C
160,SAfricaPrec_02,72,-2.867261919043557,-10.88263219437226,7.810429286052658,76.38552619248446,-0.14657512218676488,1871.27685837,453.162252287,0.242167400436,Csb,C
161,SAfricaPrec_02,72,-2.7382495401030944,-8.011442068320605,40.27456244810263,12.813706814077758,0.6978881975152288,1618.66770265,173.235718648,0.107023645659,Csb,C
162,SAfricaPrec_02,72,-2.735434190845441,-9.54863435155417,14.511015894339659,21.561728197665758,-0.04309980437864997,981.37174555,230.949410364,0.235333258177,Csb,C
163,SAfricaPrec_02,84,-2.8000554992378883,-9.06237963924032,5.473524290891946,52.655773302796426,0.16034263127833603,903.992200202,317.842927268,0.351599192113,Csb,C
164,SAfricaPrec_02,84,-2.607199771830697,-9.277131158474868,4.055649659862843,50.04755127510929,-0.09056798667769761,636.642015608,332.355309857,0.522044259896,Csb,C
165,SAfricaPrec_02,84,-2.7825124868145754,-10.491629301534918,2.2980702898343597,31.573297412388225,0.09733473162245268,227.58059866,193.620949973,0.850779684704,Csb,C
166,SAfricaPrec_02,84,-2.727095610204269,-9.016070046909798,3.689988567286753,183.2038065889601,-0.02532742740726409,2120.37022214,965.966299797,0.455564924328,Csb,C
167,SAfricaPrec_02,84,-2.724879463449444,-8.806950083558261,19.65053152289126,153.2230335114616,0.27338286711980997,9443.87697053,725.714943141,0.076845023014,Csb,C
168,SAfricaPrec_02,84,-2.751881781534468,-10.050204812151845,7.715288619873251,355.33757142597295,-0.032474421692393604,8598.9493124,1691.50151904,0.196710255821,Csb,C
169,SAfricaPrec_02,84,-2.8218877666963045,-9.412878499474894,4.723516878874199,38.12294928210412,0.0933005181386517,564.812453805,326.551921447,0.578159917062,Csb,C
170,SAfricaPrec_02,84,-3.394945906139538,-6.759415205227974,47.16963277049783,1290.76845650878,0.08736913759473118,190968.976519,2637.37587069,0.0138104938235,Csb,C
171,SAfricaPrec_02,84,-2.6960463375345403,-10.007476151602159,2.676430426139152,141.99295019669876,-0.001363185532584842,1191.99566867,1132.4983545,0.95008596446,Csb,C
172,SAfricaPrec_02,84,-2.7738851253258763,-9.339481152836449,2.555029237827243,17.609073590526695,0.0401878906519233,141.118655378,141.118655378,1.0,Csb,C
173,SAfricaPrec_02,96,-2.5688027097612167,-8.645627451900078,4.754829961873277,20.337297071057574,-0.20079938483530627,303.3055067,160.873110429,0.530399570319,Csb,C
174,SAfricaPrec_02,96,-2.750860781595997,-9.527378982730141,4.729282848324639,49.777711368856615,0.046392678367179876,738.383437758,473.174087545,0.640824351345,Csb,C
175,SAfricaPrec_02,96,-2.7581434087187056,-8.868703014155225,6.4715483963627625,14.677136513677612,-0.022504581175202158,297.921436812,153.452752404,0.515077914656,Csb,C
176,SAfricaPrec_02,96,-2.8233346309991094,-10.213407759779882,2.948480049787899,108.96289420148558,-0.0364967855239698,1007.69430863,578.490007525,0.574072913355,Csb,C
177,SAfricaPrec_02,96,-2.7463544409373175,-9.964237266751732,3.2136403072183386,90.53121755480868,-0.03145145295511314,912.530950461,610.224482568,0.668716477244,Csb,C
178,SAfricaPrec_02,96,-2.635382996976879,-8.381934483513284,3.075099990374465,19.7039063985124,0.03787141865425845,190.04815792,178.629416483,0.939916589764,Csb,C
179,SAfricaPrec_02,96,-2.5849484713177113,-8.062737949189051,9.447745855568833,38.96261770854583,0.3131216517396279,1154.59202033,267.368752301,0.231569894466,Csb,C
180,SAfricaPrec_02,96,-2.526572375545838,-8.379208296372257,4.940783821464848,20.813617325368686,0.03751457181354917,322.54858695,211.292557595,0.655072029903,Csb,C
181,SAfricaPrec_02,96,-2.5474102094136533,-8.791672997335422,2.8585898519978277,40.80253862798674,0.04578269890806929,365.839904813,335.241616565,0.916361534525,Csb,C
182,SAfricaPrec_02,96,-2.6729902496253124,-9.059326194949758,7.453143418426448,29.213119233491213,-0.2405345510062074,682.919050503,227.750236028,0.333495215663,Csb,C
183,SAfricaPrec_02,108,-2.7673286621429645,-9.640557798254346,3.597877103618873,20.086570888000256,-0.026842461533041075,226.675437628,191.620472399,0.845351725818,Csb,C
184,SAfricaPrec_02,108,-2.727343601602642,-9.167465273486574,7.0607347287053,116.05403224706187,-0.07721788613363965,2570.16992052,715.789099607,0.278498745897,Csb,C
185,SAfricaPrec_02,108,-2.7808023175084364,-9.979627458501975,8.17750691765048,52.1006571954623,0.24549907886992436,1336.33798975,312.764893025,0.234046248348,Csb,C
186,SAfricaPrec_02,108,-2.617055912670293,-9.609939968457093,5.634245485385209,120.90779858131101,-0.08546256364442133,2136.69453081,574.172570666,0.268720007651,Csb,C
187,SAfricaPrec_02,108,-2.6846122926073663,-9.593556516589715,7.747399429645395,150.03797187165526,0.10560851156591775,3645.93704098,748.982894705,0.205429464712,Csb,C
188,SAfricaPrec_02,108,-2.7218477706047226,-9.947359729060775,2.9381689801088666,12.013791195147519,-0.0646987803176322,110.715636819,105.590999065,0.953713514172,Csb,C
189,SAfricaPrec_02,108,-2.9097921355079053,-9.462730279050398,15.833843010661695,63.97001139353186,0.5384460800710027,3176.98143333,310.673597337,0.097788924442,Csb,C
190,SAfricaPrec_02,108,-2.552086092395736,-8.723234201657982,4.951423755593308,56.53675284735131,-0.09609806293488336,878.036585437,384.382352287,0.437774870276,Csb,C
191,SAfricaPrec_02,108,-2.662797189499476,-8.607215184164009,2.901034901602233,20.829813590441802,0.015495988927327647,189.535050151,185.241215271,0.977345430958,Csb,C
192,SAfricaPrec_02,108,-2.555235506829688,-8.732939330848303,2.940593438866539,94.11578295158844,0.034508243709745944,868.058367862,698.352035108,0.804498938047,Csb,C
193,SAfricaPrec_02,120,-2.803832304726098,-9.965766867302337,4.836967076543254,61.496517785390324,0.007193518465644493,932.987747127,625.055571914,0.669950461663,Csb,C
194,SAfricaPrec_02,120,-2.734930950917566,-8.67230819528477,6.4474787826170825,13.885722378675297,-0.02384724221442403,280.808605835,145.163961805,0.516949832694,Csb,C
195,SAfricaPrec_02,120,-2.669843836264902,-9.56098168768788,5.512074591750789,29.538610774210152,0.13025788484543568,510.689331187,260.423870483,0.509945782259,Csb,C
196,SAfricaPrec_02,120,-3.018366755623429,-9.431764655819666,36.2481334416052,172.17627892856132,0.49458621804682446,19575.4129805,770.966827565,0.0393844476402,Csb,C
197,SAfricaPrec_02,120,-2.574048345502898,-8.694175662046524,3.243826144749428,17.005822317933337,0.08981400227899429,173.024526715,150.42731901,0.869398817995,Csb,C
198,SAfricaPrec_02,120,-2.7229277109033423,-9.644561268161603,3.4322318334772324,115.1768493150319,-0.00659577448595858,1239.91977313,1000.25128168,0.806706452588,Csb,C
199,SAfricaPrec_02,120,-1.354152487159827,-6.683698806852776,23.05521915285334,725.5480494277555,-0.06415573384058185,52467.147817,2575.84461569,0.049094428092,Csb,C
200,SAfricaPrec_02,120,-2.723786658994818,-8.967986863962995,7.495593448529288,34.47751182698257,-0.057282175965561864,810.575965528,349.420959516,0.431077375072,Csb,C
201,SAfricaPrec_02,120,-2.7362040767688507,-8.910780787151413,2.6717478575921194,210.10662694591292,-0.012809383392255512,1760.70898745,1061.09147301,0.602650114569,Csb,C
202,SAfricaPrec_02,120,-8.846129928600197,0.1869262081973062,329.30206856198987,7736.0809456923935,0.08305048180456724,7990380.71132,2637.37587069,0.000330068862295,Csb,C
203,SanAgustin_PR,0,-1.9463986598884881,-4.823312149835206,1.256377830806087,28.755634166883752,-0.11382985612298441,nan,nan,nan,Af,A
204,SanAgustin_PR,204,-1.9379799871882273,-4.8309750235979925,1.752297001836549,19.502026860972244,0.10692189195893434,107.186548673,nan,1,Af,A
205,SanAgustin_PR,18,-2.324667033870613,-3.9260809570050457,5.370734980794347,81.35132685573436,-0.099675943218948,1370.40830991,107.186548673,0.0782150457624,Af,A
206,SanAgustin_PR,18,-1.0034866455378828,-0.6694211976749833,4.854084737445266,333.70129103450887,-0.03994367876716339,5080.62126033,107.186548673,0.0210971342244,Af,A
207,SanAgustin_PR,18,-1.5724048740092924,-5.175306314531437,1.3593622435954398,25.1490138056925,0.010907944690470558,107.227797625,63.3283325759,0.590596225782,Af,A
208,SanAgustin_PR,18,-1.2649720273826748,0.2956635907090759,3.193791942286946,89.54710784957135,-0.030779859744992262,897.036133075,102.960370493,0.114778398213,Af,A
209,SanAgustin_PR,18,-1.9720428335258016,-3.8692044434773183,5.057755781055776,39.605817021106645,-0.017372748404428272,628.303143898,107.186548673,0.170596868269,Af,A
210,SanAgustin_PR,18,-2.5228119110987888,-6.036967702867352,4.2524304560649995,39.53960152819502,-0.11259020608265155,527.377322392,99.5621218626,0.188787264138,Af,A
211,SanAgustin_PR,18,-2.207055830118728,-5.909818563168226,1.5991781774404785,38.18945785122485,-0.012293568605309946,191.554726852,68.6239553242,0.35824725629,Af,A
212,SanAgustin_PR,18,-1.2017731196492065,-0.2750228030589442,2.7596561701424296,88.59434492173148,-0.012839426503035798,766.855544427,97.6821859953,0.12738016528,Af,A
213,SanAgustin_PR,18,-2.7556525008404193,-7.463815903186733,2.006349123864929,78.14875677598789,-0.06361111561262378,491.791245765,67.719936122,0.13770057256,Af,A
214,SanAgustin_PR,18,-1.5519632030861281,-4.923538791455976,4.185371075007281,71.15070562035325,0.07261684350093237,934.039195868,107.186548673,0.114755942949,Af,A
215,SanAgustin_PR,24,-2.6453542495090416,-7.929186790829789,2.0150294892602147,37.473217760552366,-0.0054495405241134,236.839717925,81.4113302714,0.343740192669,Af,A
216,SanAgustin_PR,24,1.2551559725608494,-6.025500536477223,423.1644111026868,61.3472549955669,0.7349805724494107,81424.7136616,107.186548673,0.00131638840166,Af,A
217,SanAgustin_PR,24,-2.482691427538441,-6.776268282195147,2.061438896345877,37.72497121208809,0.05815378988543637,243.922357006,95.9770420101,0.39347373971,Af,A
218,SanAgustin_PR,24,-2.602062008542924,-9.279241306360628,6.994196644482343,226.42542169920566,-0.11682991844944672,4967.24103826,107.186548673,0.0215786888229,Af,A
219,SanAgustin_PR,24,-2.1181180664036963,-4.099999481533359,4.030672599905752,26.309409317887482,0.05191582763120643,332.613871993,107.186548673,0.322255196485,Af,A
220,SanAgustin_PR,24,-1.5049050886080626,-4.6096835889358125,2.054125881170653,25.5333561299407,-0.028658921069095265,164.508332369,74.5494756559,0.45316534781,Af,A
221,SanAgustin_PR,24,-1.552955261774639,-2.3571899696125618,10.031790638051293,204.547880791305,-0.06025944035683793,6436.13909099,107.186548673,0.0166538583392,Af,A
222,SanAgustin_PR,24,-2.70859552397825,-8.764722798693755,2.9061915785182966,26.4499180496366,-0.10441786658739328,241.101755705,74.8559511106,0.310474516835,Af,A
223,SanAgustin_PR,24,-2.3262381535996206,-6.40974507082116,3.0317020228554554,40.82132095532861,-0.07412882678993693,388.172955057,89.892093347,0.231577424897,Af,A
224,SanAgustin_PR,24,-2.5944907248633102,-6.9554711277586225,4.423704742822198,173.6395848935997,0.006328261317841164,2409.27514162,107.186548673,0.0444891273815,Af,A
225,SanAgustin_PR,30,-1.5179132360516416,-1.6905215098468247,8.579296163242399,48.27710360538936,0.11040130865454935,1299.10733441,107.186548673,0.0825078466061,Af,A
226,SanAgustin_PR,30,-1.382209178801066,-1.4397973268032034,2.7590195556609096,36.836560793713666,-0.08227057289243926,318.776223532,80.8891569264,0.253749028175,Af,A
227,SanAgustin_PR,30,-2.6957099746573805,-7.330802373207358,4.1560802077483645,72.62768810216195,0.18077596678523977,946.756152132,107.186548673,0.113214525653,Af,A
228,SanAgustin_PR,30,-1.39704613600398,-2.5113889570255736,2.549276668118521,32.583785992707824,-0.06931658387212658,260.53804076,78.4104416355,0.300955827436,Af,A
229,SanAgustin_PR,30,-1.538006081374933,-1.9341430539176991,10.272007448482888,334.2738780250728,0.09165663709499519,10769.8556377,107.186548673,0.00995245918597,Af,A
230,SanAgustin_PR,30,-1.6397267991431506,-4.1053920773471235,16.019762521690247,276.6594914377302,0.11240297545565348,13901.2413488,107.186548673,0.0077105738965,Af,A
231,SanAgustin_PR,30,-1.0611367113938612,-12.364453919626442,12.043952681174515,1079.3642454552878,0.03413402473317483,40774.5314807,107.186548673,0.00262876223908,Af,A
232,SanAgustin_PR,30,-1.6175759476973255,-4.1261058037823695,2.960098243716932,32.26367770070417,-0.10989807568383844,299.552046198,77.7802420612,0.259655185296,Af,A
233,SanAgustin_PR,30,-2.40480558856272,-6.394463083978595,2.1541212225574995,65.48608670990656,0.06203992588265535,442.456887216,101.777830007,0.230028807206,Af,A
234,SanAgustin_PR,30,-2.1104103284647775,-3.5892491677135316,10.067817292739905,165.0429985475023,-0.10041282133391839,5211.76179082,107.186548673,0.0205662793072,Af,A
235,SanAgustin_PR,36,-2.359376248298791,-6.259533103702496,1.7534950408228698,13.651545864076976,-0.023492190663321724,75.0826755756,55.1474361668,0.734489491004,Af,A
236,SanAgustin_PR,36,-2.359675533189353,-6.24974760151466,2.1814972005901927,36.07139425648033,0.03331792067571325,246.814176703,98.1075311797,0.397495526757,Af,A
237,SanAgustin_PR,36,-2.715979429768262,-9.547126515047577,2.7271131178525003,52.40733698371883,0.01706204028959084,448.277332564,99.1754682121,0.221236857204,Af,A
238,SanAgustin_PR,36,-1.4359871217500753,-2.9057314604474938,2.7267438237109753,25.8757165521555,0.03294489686106456,221.303446818,103.28722383,0.466722165044,Af,A
239,SanAgustin_PR,36,-45.217922499782745,7.1117454522644294,379.3471856034876,1966.9709249875739,0.488490273667335,2340382.36355,107.186548673,4.57987337207e-05,Af,A
240,SanAgustin_PR,36,-3.3023961130478066,-5.874312266943778,6.53991488039376,204.5854926266234,0.11439553047495334,4196.60995409,107.186548673,0.0255412225213,Af,A
241,SanAgustin_PR,36,-1.624522690658231,-3.7639251182617084,3.6559247673448363,42.964581190699285,0.0001931534726400085,492.673565285,107.186548673,0.217560990127,Af,A
242,SanAgustin_PR,36,-1.466427632956896,-2.594664697222164,1.659655971934217,65.97817305030136,-0.030757405339264188,343.456230139,66.2374411719,0.192855552933,Af,A
243,SanAgustin_PR,36,-1.4565258640494525,-3.148930201318729,1.241445229559233,27.08281366729968,-0.01868502036328809,105.456890556,51.0314533666,0.483908193172,Af,A
244,SanAgustin_PR,36,-1.3644261727309497,-1.936787807499822,3.6747046981439393,47.343944256807625,0.04756599617305386,545.680322053,107.186548673,0.196427366612,Af,A
245,SanAgustin_PR,48,-1.3302858952984515,-1.1062087941939076,2.474591178717193,14.754772328841401,0.0721377824733374,114.521678229,72.293022033,0.631260588832,Af,A
246,SanAgustin_PR,48,-2.3455012740509242,-6.15719767238555,4.102029451108185,109.29788322612569,-0.02840946308475018,1406.25013293,107.186548673,0.0762215385176,Af,A
247,SanAgustin_PR,48,-1.4927227311085511,-3.5561147902233827,2.390649883369242,41.11502308076813,0.0007971088789728184,308.296440383,96.4002562201,0.312686893498,Af,A
248,SanAgustin_PR,48,-2.435131866177078,-6.643388607106639,8.77409211340959,47.54369430669567,-0.22389896913923898,1308.41940488,107.186548673,0.0819206351365,Af,A
249,SanAgustin_PR,48,-2.2848229508179614,-5.964826317125054,3.2242118174346652,137.47761214439015,-0.06925804030587014,1390.29608607,98.4545579362,0.0708155326933,Af,A
250,SanAgustin_PR,48,-2.452835921411702,-7.263881492688519,2.426219706235859,76.2510647341319,-0.015803341464969502,580.267263307,94.2966452548,0.162505540494,Af,A
251,SanAgustin_PR,48,-1.6697938849718026,-3.512721127414434,3.3666745256930852,27.754004153989545,0.08058203619451411,293.074571755,107.186548673,0.365731315518,Af,A
252,SanAgustin_PR,48,-2.423072439367935,-6.4715681369098235,2.044017211266188,35.552300738327915,0.051147587973343775,227.931762599,96.2992429791,0.422491546949,Af,A
253,SanAgustin_PR,48,-2.3614951679524783,-6.7535626459155935,4.465431190516029,84.20832683346448,0.02564378382173266,1179.42504684,107.186548673,0.0908803395013,Af,A
254,SanAgustin_PR,48,-1.5599341970393936,-4.0570284346093395,1.3969031876725497,56.423512512784804,-0.010781143245176244,247.216482438,62.0896199276,0.251154855515,Af,A
255,SanAgustin_PR,60,-2.024175289897286,-4.332814869478939,2.6431009878819096,208.76621706919633,0.010878506067199114,1730.71607931,107.185262075,0.0619311644216,Af,A
256,SanAgustin_PR,60,-1.4233953055758413,-3.3104153571403576,3.2898235086486367,42.43033083337588,-0.1269148209934301,437.824995662,82.0508671499,0.18740562545,Af,A
257,SanAgustin_PR,60,-0.9779975102032545,-2.1010221689960633,18.937633126784345,309.9042261708611,-0.1773381720976186,18407.9377626,107.186548673,0.00582284393042,Af,A
258,SanAgustin_PR,60,-2.0233777621593387,-4.388146781315083,2.414344805076254,22.855345609284747,-0.045621433253369204,173.076582844,77.9332595327,0.450281940237,Af,A
259,SanAgustin_PR,60,-1.5009059959926423,-2.0244203419830145,2.1849399575105366,26.313958136736883,-0.02502538823870773,180.334048067,79.0721976887,0.438476253023,Af,A
260,SanAgustin_PR,60,-2.5667763265740273,-8.030618273367322,3.6859233448883373,262.8301089074307,0.01678089218011268,3038.59646199,107.186548673,0.0352750192445,Af,A
261,SanAgustin_PR,60,-1.6578834855266937,-3.627083870054795,8.078037059533504,13.95189552041542,-0.18413533369173635,353.501580763,82.8101266329,0.234256736431,Af,A
262,SanAgustin_PR,60,-1.99089007283019,-4.194860216658421,8.2476057966578,272.26175676518005,-0.05326245398474016,7043.14728229,107.186548673,0.0152185584621,Af,A
263,SanAgustin_PR,60,-1.435123622608696,-6.290729989674816,9.402356203809012,677.3998918343432,0.028318665339451758,19977.1717496,107.186548673,0.0053654516273,Af,A
264,SanAgustin_PR,60,-2.554504990651701,-7.501017932331148,10.014201430688546,59.94892303023547,-0.08141382288598965,1882.99700962,107.186548673,0.0569233770022,Af,A
265,SanAgustin_PR,72,-2.147285119661925,-5.541464985090631,2.2743535707865408,39.275521076342045,-0.004644873184480424,280.176205288,93.3557626258,0.333203751296,Af,A
266,SanAgustin_PR,72,-1.5802768314855542,-2.7185062486844886,1.9035824401064336,25.936013780921883,-0.006477008245923247,154.855382131,76.8786151089,0.496454266239,Af,A
267,SanAgustin_PR,72,-1.4407654139942394,-2.8865363813412195,6.213144422904315,43.34420975140244,0.02821783810867562,844.68394097,107.186548673,0.126895449853,Af,A
268,SanAgustin_PR,72,-2.4303187519554683,-7.33282837333583,5.360514968086613,29.788191612307635,0.1440093100898478,500.843719132,107.186548673,0.214011965366,Af,A
269,SanAgustin_PR,72,-2.4076605014685932,-7.0224738509241025,1.6407668362631609,40.86285587702377,-0.021779320373120383,210.294770261,66.8580111005,0.317925220002,Af,A
270,SanAgustin_PR,72,-1.5831574729331683,-3.5320684300582426,6.929763078571936,16.450108078448395,0.33006675166217864,357.551830914,91.5811057427,0.256133790473,Af,A
271,SanAgustin_PR,72,-2.337455283842325,-6.785720872108735,3.0030777248166487,69.20148158588131,-0.07051860664725791,651.829918609,92.6893847516,0.142198727161,Af,A
272,SanAgustin_PR,72,-2.1586544565338253,-5.163902415577007,11.272774474193229,31.987545515915212,0.38594091085097787,1131.0026693,107.186548673,0.094771260566,Af,A
273,SanAgustin_PR,72,-1.4600480202568789,-3.305364264283048,3.7951929925129226,53.730128583582214,-0.00806851948482748,639.592585333,107.186548673,0.167585664892,Af,A
274,SanAgustin_PR,72,-1.869412386473215,-4.442840815302439,3.230220561718394,14.301471089765936,-0.15712268725459658,144.898799472,61.7525288203,0.42617695278,Af,A
275,SanAgustin_PR,84,-2.043583010848913,-5.444133554842193,6.918209306049775,34.64502227905403,0.0428143078652222,751.772721731,107.186548673,0.142578395803,Af,A
276,SanAgustin_PR,84,-1.818651466585242,-3.1313510227719545,27.622012745323165,410.8659095817738,-0.16790623054000745,35596.5077609,107.186548673,0.00301115349271,Af,A
277,SanAgustin_PR,84,-1.5928671698865444,-3.114123341339941,3.2993341550868354,77.80014737812735,0.01632492344625237,805.115516012,107.186548673,0.13313188796,Af,A
278,SanAgustin_PR,84,-2.2635578108153056,-6.213138852757532,2.440135720752427,38.4339149590881,0.01691725743259191,294.158443622,101.752375745,0.345910096925,Af,A
279,SanAgustin_PR,84,-1.4930259636040029,-2.620522213217809,3.325051121011653,37.54220453181448,-0.11402869115123737,391.534382363,84.9764449458,0.217034438797,Af,A
280,SanAgustin_PR,84,-2.4914815982662213,-6.944993848167179,1.5888058086173478,23.698501481958512,0.0884673077426178,118.098621623,78.2893041945,0.662914631168,Af,A
281,SanAgustin_PR,84,-1.481485840969295,-3.0124131327250008,5.896117219355228,68.65747913596269,-0.18717135458005288,1269.71479167,106.40402139,0.083801513606,Af,A
282,SanAgustin_PR,84,-2.5130694298244327,-7.711529187542198,8.202701802219144,33.243127220934525,0.35740802687272183,855.284777086,106.868897719,0.124951244992,Af,A
283,SanAgustin_PR,84,-2.4953864927439424,-7.307244742185884,2.6496460158760935,61.324432760035116,0.07188904383903048,509.652356661,107.186548673,0.210313063938,Af,A
284,SanAgustin_PR,84,-2.4989996575554145,-7.674006406871813,1.1384708830600998,19.260323390598316,0.013326039176973507,68.7760287714,47.7507872333,0.694294045269,Af,A
285,SanAgustin_PR,96,-1.7623740549741969,-3.6941301619443654,2.261101915052203,15.469307085278205,0.01759099197159828,109.709116767,78.2443990562,0.713198696349,Af,A
286,SanAgustin_PR,96,-2.341584396686587,-6.678892982655958,11.682846951758794,22.31509125179676,-0.3179278239689175,817.710264708,104.441677065,0.127724551803,Af,A
287,SanAgustin_PR,96,-2.00443184333218,-5.064263243589928,5.406089864007805,38.2688337841733,-0.21290835973935401,648.904016375,95.2098182684,0.146724039096,Af,A
288,SanAgustin_PR,96,-2.141421002214263,-5.974747627883252,3.4856322026618263,27.398514022918594,-0.15899283572299752,299.543731971,75.7460636767,0.252871469479,Af,A
289,SanAgustin_PR,96,-2.298687418181342,-6.429532137723805,3.069355601899198,26.19943876416277,-0.1313035385634802,252.227156413,73.3166576122,0.290677097005,Af,A
290,SanAgustin_PR,96,-1.7960556565517425,-4.132739209272253,4.957508247619599,27.734555631363484,-0.026333644146445467,431.257722755,107.186548673,0.248544067775,Af,A
291,SanAgustin_PR,96,-1.7772898421514844,-4.300754793789102,8.203609975236345,99.30158376652332,0.10403997060242318,2555.13099687,107.186548673,0.0419495316694,Af,A
292,SanAgustin_PR,96,-1.6926784559745205,-3.8817024189358285,4.870032692520368,80.95507783189146,-0.06229480666178757,1236.59574805,107.186548673,0.0866787297642,Af,A
293,SanAgustin_PR,96,-1.506568662765793,-2.989410530639896,5.746735825963562,29.870884229689523,0.025734618842041146,538.420481387,107.186548673,0.199075912559,Af,A
294,SanAgustin_PR,96,-2.4057437033261393,-6.632013189083527,4.51372621727488,77.38048541277594,-0.1637515654034528,1095.51684214,96.657018126,0.088229604884,Af,A
295,SanAgustin_PR,108,-2.2071025848540518,-5.939958504251948,1.7558493252143064,25.995682894920773,0.0051160643999864945,143.166233772,76.4954112344,0.534311822132,Af,A
296,SanAgustin_PR,108,-1.6142961434468226,-3.4023255309571137,1.403089030327419,45.56861885391908,0.02643628371111189,200.541108884,73.4855716135,0.366436447981,Af,A
297,SanAgustin_PR,108,-2.087928764200879,-5.823376775825545,2.025794260013786,18.55043494193872,0.08494299956277938,117.869220127,99.6590594809,0.845505377687,Af,A
298,SanAgustin_PR,108,-2.05826192289381,-5.239102698197095,2.3206730732458687,20.074985357735095,-0.04956885815469876,146.123723971,72.5787760122,0.496693993554,Af,A
299,SanAgustin_PR,108,-1.9857303698860178,-4.765345710791785,5.068816448945773,25.94689941448703,-0.14815355454550572,412.519377071,96.3328744019,0.233523271285,Af,A
300,SanAgustin_PR,108,-1.4741487968646079,-2.646055454392075,7.285840352145533,28.445435148479195,0.17113396879425496,650.046301526,107.186548673,0.164890636899,Af,A
301,SanAgustin_PR,108,-2.4001931721207272,-6.703398014404856,2.5375189549090784,29.589170240143652,-0.06260354158518346,235.501817401,79.1291927305,0.336002471674,Af,A
302,SanAgustin_PR,108,-1.805009415876714,-3.991746189226227,2.4976964629065352,28.62986514099083,0.07656503749533317,224.290901189,107.186548673,0.477890757514,Af,A
303,SanAgustin_PR,108,-2.3148604553214707,-6.462916414508786,4.959527950056597,78.90322510296896,0.09968064868890184,1227.40336511,107.186548673,0.0873278921335,Af,A
304,SanAgustin_PR,108,-1.6379621989364799,-4.008406304514389,13.047830328744086,77.17533630980192,0.14909268762739483,3158.4124809,107.186548673,0.0339368430567,Af,A
305,SanAgustin_PR,120,-2.194984913333512,-6.01096181238298,2.6189907568565514,39.768462750408396,0.021147488172758015,326.681559283,105.620705613,0.323313950885,Af,A
306,SanAgustin_PR,120,-1.5460260390652238,-4.545209929406962,15.929855105285608,822.8189027734733,-0.04511176650686556,41111.9639505,107.186548673,0.00260718628771,Af,A
307,SanAgustin_PR,120,-1.9646172506809787,-4.869569959747102,3.711084898161968,105.06323405042848,0.07732286066289813,1222.93414518,107.186548673,0.0876470324224,Af,A
308,SanAgustin_PR,120,-1.7142616906324506,-4.139506462907304,10.951725309569452,414.5995249267527,-0.0593518966008468,14241.755622,107.186548673,0.00752621737923,Af,A
309,SanAgustin_PR,120,-2.2403945185586727,-5.988462757238955,2.190088047063441,84.65036828993927,0.017809676959014115,581.490774541,99.5231877605,0.171151791426,Af,A
310,SanAgustin_PR,120,-1.8972766927942573,-4.313225023114819,17.236312220073618,23.770659923937814,0.21955773060592065,1285.10183189,107.186548673,0.083407046829,Af,A
311,SanAgustin_PR,120,-1.9812154060243592,-5.520155348112324,3.6736841621649523,48.99677965941251,0.05922204684256998,564.573994464,107.186548673,0.189853853921,Af,A
312,SanAgustin_PR,120,-2.193464203114169,-6.118118885176699,7.560758680179991,30.706907019818203,-0.12225690035985098,728.204862728,107.186548673,0.147192849374,Af,A
313,SanAgustin_PR,120,-2.262855541888012,-6.0354283019952435,7.599515440163204,54.887677519994206,-0.14519862871545275,1308.31717511,107.186548673,0.0819270362814,Af,A
314,SanAgustin_PR,120,-2.3116517898730127,-6.266789596077005,3.7126761314884673,24.292525031102368,0.04903662324843517,282.886532496,107.186548673,0.378902974727,Af,A
315,isomap_1009100,0,-8.720522388059697,-60.99231343283586,0.767409188171855,38.864523754388,-0.12983189140869447,nan,nan,nan,Cfb,C
316,isomap_1009100,134,-8.7117645316554,-60.995000702711636,8.056949689824108,67.39037271424411,0.18974422267214172,1703.02300806,nan,1,Cfb,C
