,site,m,mse,b,bse,inv_condnum,res_var,n,lat,lon,elev,proj,d2Hstd,d18Ostd,dexstd,Pstd,Tstd,Pstd_sub,Tstd_sub,d18O_min,d18O_max,dex_min,dex_max,koppen,clim
17,Diaz_Museum_MBZA,8.441905083,0.653440264,14.54297064,2.173420096,0.128242129,64.48586985,55,-34.18,22.14,10,159,13.87151494,1.761643588,7.469290162,31.93179543,2.805534604,33.40244276,3.014502764,-5.994562123,-0.060165053,15.40491376,6.6551472,Cfb,C
18,Ehl_196,7.597959959,0.117501402,3.314972504,1.711989888,0.019414309,28.53419617,92,40.78328,-111.84583,1574.9016,78,32.78667366,4.333491319,5.27575573,34.12627533,8.606739845,31.87402171,8.346771156,-20.2788361,-4.553895422,11.37617851,5.482895404,Dfb,D
19,Ehl_83,7.642908131,0.120356556,2.535336773,1.712320166,0.023423266,67.46452873,159,40.667,-111.7991,1569.72,78,37.84468759,4.989929001,7.897975136,34.12627533,8.606739845,31.67398033,8.193809712,-23.1138321,-2.027167552,7.951531857,-5.559758939,Dfb,D
72,Grimes_BE 1997-2010,7.790322695,0.134734613,8.687556495,1.294145576,0.029946605,30.11491623,163,47.98,-55.82,,4,23.05284963,2.988574279,5.181988395,46.10653153,7.751807769,45.6358401,7.695067596,-17.44,-3.395,8.442,-2.018,Dfb,D
73,Grimes_HB 1997-2010,7.73518445,0.09105381,8.006930632,1.003746917,0.026556624,18.39620466,161,46.5,-65.27,,4,26.47412069,3.437974067,4.121329976,38.93170248,10.23926569,36.87034231,10.00197645,-20.395,-5.193,13.049,6.701,Dfb,D
167,ID02,7.342154011,0.156296638,-3.822173617,2.143699978,0.018231849,34.24683458,85,48.3518,-116.8397,726,109,26.53682076,3.639027271,5.945455685,46.46480327,7.802767033,41.67729474,8.049090869,-20.27009109,-7.003993554,10.44821092,-1.56863345,Dsb,D
168,IISPACS_Barrow,7.340219449,0.240546622,3.518498001,4.75393632,0.015806363,214.4273691,72,71.3,-156.7,,128,46.94588793,6.482467002,14.24514464,10.71634096,11.98861428,11.58007137,11.54168758,-29.86322226,-9.300909833,33.28672999,2.824906691,ET,E
172,JAMSTEC_29231,7.842199589,0.04663333,7.014692672,0.819434692,0.017806238,6.607175806,81,58.32,82.95,75,167,44.6749606,5.700094113,2.557859193,25.35350891,13.73411829,28.85078276,13.88092338,-28.55192418,-9.748016686,10.23473701,7.226836772,Dfc,D
173,JAMSTEC_29263,7.772634521,0.25406387,2.703887653,4.832824099,0.016685146,167.5386475,57,58.45,92.15,79,167,48.59626462,6.327553034,12.07740158,23.25466507,14.12784371,21.72994105,13.87117575,-29.78046649,-9.628302919,10.22717602,-11.84829203,Dfc,D
174,JAMSTEC_29698,7.911221621,0.041914961,7.062407779,0.879984269,0.017415143,7.602039511,61,54.88,99.03,411,167,62.3626805,7.885613221,2.652075536,31.38509235,13.66325573,33.00338035,13.57690807,-34.17412997,-9.34233579,8.282699471,6.12718283,Dwc,D
175,JAMSTEC_30554,7.844065427,0.113450047,6.670179022,2.999201612,0.0148284,132.9577191,80,54.47,113.58,903,167,82.97086965,10.61384878,10.86654057,40.46418158,15.17876955,38.3603248,15.44111087,-43.98198091,-9.825599227,9.843515949,6.23640801,Dwc,D
176,JAMSTEC_31004,7.862938806,0.101609608,7.320197694,2.535031088,0.012772331,43.43740621,55,58.62,125.37,679,167,64.10405034,8.167959509,6.204750915,33.72847778,16.2857004,45.54420089,16.5665247,-35.55922365,-12.19986162,9.919031728,5.616792193,Dfc,D
182,JAMSTEC_96195,7.679466223,0.167518089,6.81459707,1.071606887,0.046387691,8.028488885,55,-1.63,103.65,25,167,16.06804364,2.102961173,2.70775466,95.43407869,0.625884549,99.00690496,0.374589692,-10.18392738,-2.738753342,8.714593851,5.100067355,Af,A
183,JAMSTEC_97014,7.944010789,0.138392321,11.5554314,0.839122142,0.038666096,2.640115171,48,1.53,124.92,80,167,12.64353256,1.596372809,1.503232344,109.4278026,0.563489331,107.1505083,0.4920021,-8.69458084,-3.321038385,13.07722849,11.46491761,Af,A
184,JAMSTEC_97180,7.424068347,0.218563691,6.745734144,1.395900243,0.046280597,12.37292054,48,-5.07,119.55,14,167,15.46617873,2.098737473,3.460447695,180.7262652,0.625102194,156.2878038,0.553959099,-9.324417867,-2.543951029,12.15503356,8.178009325,Am,A
185,JAMSTEC_97230,7.696745063,0.219819732,11.77449973,0.799641796,0.139086284,11.92578502,50,-8.75,115.17,1,167,15.72192032,2.058801633,3.250943167,134.9173559,0.799409568,137.8439495,0.817175594,-6.654230997,0.308966981,12.86649891,6.10373922,Af,A
186,JAMSTEC_Kotot,7.983788323,0.152311088,13.10295201,1.26287527,0.027168057,6.811805783,63,-0.2,100.32,865,167,16.25110462,2.045335502,2.423041147,111.8619644,0.633736872,120.3550338,0.378590508,-12.45817866,-4.723095511,14.62664397,13.88681869,Af,A
187,JAMSTEC_Palau,7.558124323,0.214746571,7.30986174,0.985685229,0.067535318,7.339794475,50,7,134.27,2,167,12.24226441,1.631932487,2.603331543,117.2762223,0.405209614,116.787084,0.295459011,-7.389465021,-1.641178307,12.08147117,6.911546909,N,N
197,LQR3,9.054711467,0.213587946,16.55930767,0.604093652,0.117077932,4.487993749,82,18.277,-65.786,625,129,10.27096728,1.147659698,2.305075543,120.6851437,1.382420437,146.2247583,1.450420528,-5.619740934,-1.283367127,12.92732508,15.58364977,Af,A
199,LQR4,8.886560469,0.15617581,18.31131881,0.53536231,0.083427901,2.838847273,89,18.27,-65.76,1011,129,10.37024916,1.175056014,1.879696086,120.6851437,1.382420437,145.4170932,1.437946835,-6.512246101,-1.908884835,14.89378148,17.00715644,Af,A
201,LQR6,8.775817031,0.204172547,15.51724992,0.554638377,0.144948102,5.780464085,87,18.31582,-65.74315,482,129,11.20580481,1.29174538,2.448810952,120.6851437,1.382420437,139.5392653,1.434378753,-5.976237557,-0.208546703,12.98118312,14.09148009,Af,A
202,LQS11_LQR5b,8.796838128,0.19282967,13.71962392,0.495996019,0.189222468,4.390305198,57,18.37226,-65.76311,5,129,12.82098576,1.467258112,2.260606178,120.6851437,1.382420437,157.2698754,1.387917874,-5.519683938,-0.295709677,10.81629855,11.96573304,Af,A
227,MZV_airport,8.20493141,0.1012613,13.04681797,0.874337309,0.027031304,4.136277848,78,4.05,114.81,24,161,17.93590294,2.191777856,1.946009238,122.7812939,0.523379944,137.9754309,0.432368724,-12.23139348,-3.603215304,10.85159697,12.28200386,Af,A
291,OR18,7.776209171,0.158337643,2.343619271,2.155277856,0.017379858,28.01802297,83,45.2247,-118.513,1254,109,26.41756382,3.420749064,4.990738702,22.0389056,7.561847641,18.71338547,7.810048413,-20.45854499,-6.979847584,6.532890834,0.148955689,Csb,C
308,SAfricaPrec_02,6.432519582,0.249547638,8.089376576,0.793674545,0.143516859,38.15959408,148,-33.96,18.46,115,138,10.82864645,1.727104244,6.317194745,52.79767897,3.067161653,54.60903629,3.024309572,-6.34,2.151456523,17.722,-4.154594729,Csb,C
325,SAfricaPrec_19,7.40179102,0.163568112,13.32863326,0.62171824,0.152858257,15.82157638,83,-25.77,28.26,1431,139,17.68198459,2.406380935,3.969730913,56.94514182,4.117209882,54.24005233,3.558115967,-7.327991099,2.56,16.40652309,9,Cwa,C
342,SanAgustin_PR,8.44315837,0.224134305,11.61043998,0.533801331,0.205917663,20.04803924,204,18.3893,-66.56934,178,129,11.64327742,1.424985272,4.245898346,116.1477603,1.318256649,136.3324384,1.33435767,-5.65309472,1.206,9.74619871,4.752,Af,A
477,Taiwan_TC,8.250320172,0.213793406,10.99527587,1.250573332,0.080104011,28.49832714,67,24.12,120.68,34,53,24.31818632,2.977070762,5.014421439,115.1583591,4.394710881,115.2397838,4.284277893,-10.692,-0.042,8.156,5.516,Cwa,C
480,Taiwan_TT,8.321256866,0.167651733,10.77046682,1.085858273,0.071063996,16.32741801,54,23.99,120.69,75,53,26.51491751,3.202132097,3.877528521,131.494735,3.653097449,136.2954106,3.686688682,-12.352,-1.49,9.516,9.38,Cwb,C
485,WA24,7.805919096,0.176085801,1.89630678,2.158469847,0.019424614,28.61995128,83,46.7606,-117.1847,766,109,24.17315426,3.123245421,5.021436456,26.76849158,7.875115638,23.56902287,8.20320463,-17.901409,-5.692113483,6.420920976,0.350360931,Csb,C
486,WA98,8.067838123,0.216154265,9.441965499,1.910038565,0.027432541,21.97125808,79,45.5694,-122.21,233,109,18.72265144,2.34889886,4.368498333,139.3204474,5.903129337,115.5162842,6.229459565,-14.08048748,-4.237677203,7.646156281,7.546790929,Csb,C
487,WA99,7.799440388,0.21187059,4.777080956,2.043792395,0.022809023,22.96450999,84,46.7582,-122.1243,424,109,17.87784404,2.32081951,4.489923811,126.6712572,5.584042675,125.6434395,5.895363181,-14.13001129,-5.559779758,9.720345502,4.214269742,Csb,C
489,YangkouCave,9.005510932,0.172685627,24.75952433,1.51570343,0.042569592,19.46576462,57,29.03,107.18,2140,169,31.40872869,3.506299143,5.381153547,71.05925273,7.197232539,84.12607667,6.838555197,-14.7589,-3.434,10.96178,16.202,Cfa,C
490,isomap_0100400,7.665724771,0.129032028,5.529711827,1.551737281,0.017998444,42.71996211,281,78.91666667,11.93333333,7,20,21.2749447,2.818894387,6.212134613,26.44234661,7.243653962,25.23192953,6.702035771,-20.69,-6.01,9.6,5.748,ET,E
491,isomap_0100500,6.844663681,0.239310659,-2.410433877,2.321889025,0.027175343,44.89734849,75,78.07,13.63,6,20,18.85875952,2.791982967,6.979574263,38.24562814,7.12805658,28.99383782,7.093856507,-15.648,-5.2,15.924,0.18,ET,E
492,isomap_0142700,7.343602386,0.203611279,2.881955239,1.41372374,0.035484267,20.34996295,109,58.1,6.57,13,20,13.90203299,1.921172186,4.391272588,85.49895141,5.885536379,84.33759398,5.787884209,-11.464,-3.228,10.772,4.204,Cfb,C
493,isomap_0206000,7.7598853,0.156733812,5.030150476,2.658990847,0.012687046,28.93470671,69,68.68333333,21.53,403,20,29.63126326,3.839971059,5.083244395,25.46811265,9.954535852,23.5550212,9.200274834,-23.128,-9.492,11.284,5.576,Dfc,D
510,isomap_0284500,7.736505189,0.109325306,5.819432344,1.598139859,0.013987123,9.618024368,69,66.49686111,25.75518056,107,20,24.35166895,3.156258739,2.999515892,21.93108713,9.914661358,23.33002339,9.787790313,-20.70029194,-9.35359266,11.67331308,7.433976892,Dfc,D
511,isomap_0291701,7.855670888,0.086470366,8.163972037,1.212598179,0.016615999,5.606320385,55,62.89179444,27.62542222,116,20,27.01642103,3.443766926,2.248132781,23.77823109,9.764182855,24.03449261,9.733049357,-20.69236761,-8.624020496,11.43453122,8.051392732,Dfc,D
512,isomap_0297401,7.664814178,0.093986413,6.42917093,1.13850395,0.018733276,10.13763552,113,60.18008889,24.83286111,30,20,22.37067024,2.928402041,3.132900783,28.55554532,8.430046401,30.4071425,8.413110828,-18.9609363,-6.583775402,14.28993953,7.388892198,Dfb,D
515,isomap_0348700,7.478125804,0.140694949,5.599878905,1.095250019,0.034547191,14.96754118,118,52.88333333,-1.083333333,60,20,17.06206458,2.299356667,3.807255053,28.5638034,4.713548302,26.55403451,4.810624409,-12.36,-2.92,13.08,5.56,Cfb,C
516,isomap_0353000,7.508281634,0.247897741,5.586342613,1.871415934,0.031944153,14.40179274,48,52.16666667,0.25,30,20,15.00115736,2.017078772,3.63784124,26.20445664,4.926836612,25.16040622,5.049381174,-10.82,-4.18,10.76,6.84,Cfb,C
517,isomap_0365302,7.400133101,0.091433484,4.310735806,0.64671354,0.040600804,18.60401576,360,51.6,-1.1,48,20,16.47582242,2.248888812,4.268359544,28.73655121,4.806069427,27.88622815,4.822051247,-12.966,0.276,11.668,-3.868,Cfb,C
519,isomap_0395300,7.461087686,0.10416968,5.269543484,0.562102586,0.046524622,15.56172512,494,51.93,-10.25,9,20,11.47012959,1.564846472,3.802628002,52.27956453,3.425635842,52.89945775,3.387476805,-9.69,-0.945754509,7.66,-0.081403567,Cfb,C
520,isomap_0403000,7.574824265,0.1293221,3.527737188,1.087017306,0.023314863,23.38105642,356,64.13,-21.93,14,20,13.68879696,1.843079788,4.611313766,38.28675788,4.454620163,36.67734835,4.388724505,-13.846,-4.041145954,11.288,-3.92616369,Cfc,C
523,isomap_0426100,6.944654745,0.298214121,-9.102879547,3.702778306,0.016017452,55.98580887,67,61.22,-48.12,27,20,18.34323051,2.690405194,7.469709853,65.36850696,5.204298494,50.02333273,4.763866322,-16.536,-7.244,6.908,-7.188,ET,E
524,isomap_0431000,7.094387233,0.138752439,-12.47493293,3.518059846,0.009975025,68.86401598,62,81.6,-16.67,35,20,46.82822399,6.626097812,9.735157998,23.86138872,12.50065626,19.16463449,12.5786551,-33.548,-11.072,20.384,-9.404,ET,E
525,isomap_0432000,8.033549795,0.066863277,8.353204376,1.262118002,0.01307594,30.01074789,257,76.76666667,-18.66666667,12,20,38.87713855,4.858158129,5.150528297,22.73560185,10.34368455,22.0024425,9.923566667,-32.24,-8.246671311,8.038,4.040898749,ET,E
529,isomap_0618601,7.710148922,0.286297459,7.008091162,2.863575438,0.020402251,23.42725108,50,55.67,12.3,28,20,16.98894711,2.232827168,4.518427496,26.93214789,6.355074479,24.33858654,6.188889852,-13.59,-6.458,10.28,8.984,Cfb,C
530,isomap_0623500,7.451248394,0.201296806,6.251401616,1.440575606,0.030709334,11.9778511,79,52.93,4.78,1,20,12.96868747,1.758811406,3.359577041,35.49214509,5.299790712,34.5357033,5.439957114,-10.48,-3.552,10.8,5.116,Cfb,C
532,isomap_0626000,7.518714126,0.191443174,6.659590683,1.411004006,0.030204823,16.99309846,116,52.1,5.18,2,20,13.61998151,1.837006124,3.950451994,32.83215995,5.484617178,31.00668699,5.402502253,-10.986,-3.416,13.928,3.028,Cfb,C
533,isomap_0628001,7.622584167,0.096411314,7.177060909,0.73743965,0.030528475,23.22646087,543,53.23,6.55,1,20,14.96479812,1.996510888,4.596759328,31.59135436,5.652575897,31.93431244,5.58440627,-13.2068,-2.4612,11.6772,-1.1264182,Cfb,C
534,isomap_0635000,7.275417654,0.18710654,5.159604854,1.41565691,0.028846637,11.97034552,81,51.57,4.93,11,20,13.23125845,1.835484293,3.478223763,33.24714324,5.435779924,34.07752496,5.559665255,-11.11,-4.346,14.26,6.728,Cfb,C
536,isomap_0638000,7.448591063,0.172184745,6.346572865,1.291325455,0.03195034,17.28317055,121,50.92,5.78,111,20,14.71212998,1.9986548,4.036167078,34.67591737,5.931623544,33.17779665,5.809861749,-11.752,-3.314,11.876,3.612,Cfb,C
537,isomap_0647801,6.907978168,0.309982865,-0.317348294,2.212730167,0.03492454,25.2644764,50,50.7,5.47,190,20,13.5858469,1.995824882,5.103596363,32.2169111,5.904544541,31.13093062,5.658514434,-10.788,-3.93,11.324,0.68,Cfb,C
538,isomap_0660100,8.002757809,0.061508587,7.376127592,0.589562614,0.033100896,5.795214645,130,47.54260867,7.58371693,316,20,25.9298155,3.245473455,2.253546289,46.80230662,6.452454886,48.79821435,6.578366107,-17.15,-4.144,7.49630966,7.048424928,Cfb,C
539,isomap_0661700,7.976441079,0.076062712,9.630026725,0.767222109,0.024879032,12.02296236,251,46.98141401,6.607999655,1042,20,21.62576512,2.72452418,3.25871553,49.56782319,6.381889729,50.3276122,6.410351888,-16.336,-4.61,10.0211588,10.40711552,Cfb,C
541,isomap_0663100,8.083166559,0.059674682,10.23193415,0.62097885,0.027755586,10.5517913,262,46.95222563,7.439320571,511,20,25.85077583,3.208190945,3.064289996,58.43750364,6.261929171,59.80381059,6.460479939,-17.932,-3.664,8.842,7.046,Cfb,C
542,isomap_0663300,8.004568595,0.065131275,7.222527547,0.652878325,0.03070184,12.45713456,243,47.37233597,8.083138245,397,20,26.27846441,3.294387521,3.315995176,49.11142058,6.443743163,50.33830553,6.47354819,-18.708,-2.976,7.56064106,4.75879908,Cfb,C
543,isomap_0663700,8.008363947,0.036389696,8.71090097,0.427419045,0.027904876,6.678052092,274,46.72738634,8.186782163,632,20,32.44384216,4.056234008,2.429244697,75.15894708,5.768012218,75.54458507,5.938733361,-21.556,-3.522,10.792,8.858,Dfc,D
544,isomap_0668100,8.122330256,0.053536911,11.62406791,0.625336928,0.023315526,4.285627319,120,47.42692898,9.400776879,779,20,27.35159832,3.371340906,1.979923035,54.55134884,6.433063398,53.26856794,6.646785043,-17.682,-5.758,9.5250994,10.67651961,Cfb,C
545,isomap_0670500,7.758046055,0.072794712,4.699633356,0.656889457,0.03493521,15.37178204,267,46.39864119,6.233803787,436,20,23.62555957,3.059906173,3.757338214,39.29655637,6.418737909,40.29355173,6.44927881,-15.984,-2.342,11.09610232,3.773112021,Cfb,C
546,isomap_0672000,7.765750085,0.055830985,2.138637667,0.620656581,0.035500646,16.428082,213,46.22030867,7.33848445,482,20,35.69483193,4.606795819,3.954658104,74.43668818,5.777047222,77.27569332,5.807859993,-19.37,-1.45,8.46425654,-0.765466972,ET,E
547,isomap_0673401,8.209962668,0.058663439,12.64959416,0.753932957,0.022621301,8.964968185,156,46.65772518,8.292706832,1055,20,32.25929457,3.936364825,2.925014708,75.15894708,5.768012218,77.90392962,5.906831374,-19.54,-5.124,9.194,11.85038825,Dfc,D
548,isomap_0674400,8.283257094,0.046742948,16.17978299,0.658593729,0.017471396,5.70471561,184,46.57248471,8.332719621,1950,20,30.1960013,3.650342308,2.467104859,75.15894708,5.768012218,77.4431337,5.953553791,-20.69,-5.924,10.6761989,14.262,Dfc,D
549,isomap_0676000,8.072337661,0.068705503,10.01971387,0.66157736,0.037008148,13.29039326,192,46.17378583,8.788556051,379,20,29.36762336,3.649180345,3.431360033,70.19386938,5.983675613,67.87051723,6.109132874,-17.868,-2.84,6.94,6.426,Cfc,C
550,isomap_0679201,8.11762424,0.0395773,9.538049272,0.580374433,0.023360476,11.34634803,241,46.49143367,9.898180888,1724,20,42.43933403,5.234723018,3.223664612,80.27052815,5.557550717,78.00261645,5.626216771,-24.92,-4.76,6.20089736,8.476543226,ET,E
552,isomap_0711001,8.027823742,0.205099622,8.568928665,1.049269903,0.055816981,10.09616216,79,48.36,-4.57,80,20,13.25954726,1.669832368,2.95976077,57.40477196,3.748734232,65.98674074,3.439004543,-8.38,-1.68,8.88,8.94,Csb,C
553,isomap_0724901,6.84002583,0.151122898,0.713206066,1.033548451,0.045584513,32.07204271,186,47.833185,1.940433,109,20,16.01072198,2.372082251,5.948203187,26.46388026,5.730829775,28.06960901,5.727466411,-11.92,-0.058,12.46,-17.012,Cfb,C
554,isomap_0748501,7.884237463,0.178239913,6.433395245,1.667768944,0.030569629,39.22388531,131,46.37222222,6.470833333,385,20,22.65848454,2.91379163,5.872383187,39.29655637,6.418737909,40.72368153,6.257800099,-14.697,-2.778,8.396,0.284,Cfb,C
555,isomap_0753001,7.045657233,0.170707865,4.540522236,0.988319248,0.047125256,11.29208689,93,44.73805556,-0.774722222,59,20,12.46237488,1.784238207,3.554239722,43.99329048,5.303032452,41.35317437,5.35312089,-8.742888154,-1.929690802,12.06729287,4.805080887,Cfb,C
556,isomap_0758801,7.785544887,0.096569633,6.520131868,0.846725331,0.038036993,9.682253599,91,44.13333333,6.333333333,851,20,24.34687787,3.136073121,2.979224557,58.39566987,5.930024538,49.57727531,6.021762162,-15.87108311,-2.429006969,11.38180745,4.62945532,Cfb,C
557,isomap_0760301,6.644850881,0.220413642,3.113631582,1.165535643,0.062871103,18.03810035,67,43.68333333,-1.066666667,9,20,13.06874457,1.985950519,4.74300567,52.59580543,4.858988797,43.70109637,4.823609542,-8.2,-1.166,14.26,3.704,Cfb,C
561,isomap_0764501,7.334222176,0.163829423,3.822607696,1.023384862,0.061069142,38.59768125,169,43.95,4.82,30,20,19.07003054,2.639103522,6.071529929,45.26122166,6.253710524,41.52062631,6.135933818,-12.544,0.996,13.104,-4.788,Csa,C
565,isomap_0769001,7.24548546,0.155919127,0.199898739,0.855527878,0.117128309,70.15914939,167,43.73238889,7.423583333,2,20,26.62065077,3.723183088,8.318096373,53.92113058,5.571659374,49.57120964,5.627306938,-14.308,4.236,-0.014,-19.882,Csb,C
567,isomap_0800101,7.838444877,0.237008385,8.07820479,1.204738797,0.058676483,24.62770841,130,43.36666667,-8.416666667,57,20,13.44876133,1.757154722,4.653568711,78.39746519,3.792996759,79.84622579,3.829106979,-7.906,-0.386,6.15,3.416,Csb,C
568,isomap_0802301,7.440317292,0.196574746,9.064150762,1.078240711,0.050133938,17.91420325,130,43.48333333,-3.8,52,20,12.64958079,1.728349837,4.071704022,47.04630965,4.530795904,42.28597,4.610102751,-8.974,-2.128,14.584,4.486,Cfb,C
570,isomap_0805500,7.308412437,0.126506345,2.756933728,1.091011567,0.039109027,23.69708535,120,42.58333333,-5.65,913,20,22.77407612,3.135967669,5.032991156,43.51472141,5.744807488,43.1309696,5.725022577,-14.646,-0.23,12.688,-2.292,Csb,C
572,isomap_0814101,6.671274404,0.15549353,-3.797951262,1.210266898,0.047592087,38.17136115,115,41.63333333,-4.766666667,735,20,20.68925861,3.127633911,7.070342999,29.96923589,6.187782058,29.55384622,6.070460958,-12.698,1.254,8.002,-17.222,Csb,C
574,isomap_0816001,7.245418611,0.162736728,1.345137098,1.083207164,0.062500324,36.01641674,119,41.66962778,-1.024736111,247,20,21.62835296,3.016011922,6.040990536,25.83505947,6.513342815,24.43013178,6.46612893,-12.3,1.024,6.54,-7.934,BSk,B
575,isomap_0818001,7.979379452,0.329383451,10.38934843,1.740204768,0.079140031,54.99307667,77,41.38,2.12,65,20,19.37584179,2.494324501,6.904707417,38.53005638,5.679093122,41.09547441,5.639803059,-10.156,-0.066,10.748,2.548,Csa,C
577,isomap_0818201,7.530582812,0.286591291,6.637928172,1.899307211,0.055511797,33.71578188,48,41.7787,2.5047,604,20,19.96863873,2.685521387,5.502245335,43.470176,5.616762942,40.82759129,5.364466057,-10.99607732,-1.526851865,9.242042,2.57879792,Cfa,C
578,isomap_0818400,7.290820293,0.20833105,4.685966113,1.246856773,0.057830489,31.00951812,108,41.9,2.75,129,20,16.65153191,2.318923648,5.444143651,43.470176,5.616762942,31.17717461,5.735112302,-10.78,-0.766,11.848,-4.304,Cfa,C
581,isomap_0822201,8.152700751,0.221402509,8.928330753,1.569286402,0.058071043,75.85950871,145,40.41,-3.68,655,20,25.57265134,3.210237973,8.173533293,28.94002461,6.930566619,31.75233083,5.97032359,-14.016,1.528,4.166,-0.816,BSk,B
582,isomap_0823801,7.477964548,0.233053504,4.922216721,1.234932793,0.079753364,50.60866531,126,40.81263333,0.516111111,48,20,18.3977625,2.515605534,6.776102391,38.51844506,5.598585313,32.57046352,5.771000648,-9.772,1.268,8.222,-4.972,Csa,C
583,isomap_0824500,7.636037502,0.217735148,6.136165728,1.139962244,0.095538636,50.5156752,112,39.46666667,-0.383333333,13,20,21.58399759,2.876288419,6.722069756,30.24195967,5.206648473,30.56247272,5.258953782,-12.186,0.654,10.388,-4.542,Csa,C
584,isomap_0826100,6.407840463,0.221909973,-0.816043151,1.354323045,0.055882608,44.29458553,114,39.46666667,-6.333333333,405,20,14.76955258,2.341547507,7.178164763,44.64267807,6.51844084,44.90268626,5.972647061,-10.282,1.198,13.222,-16.864,Csa,C
585,isomap_0830101,6.961260768,0.18906048,3.478792924,1.05265288,0.080266693,39.18289258,111,39.55,2.616666667,3,20,18.83692163,2.740161301,6.475383858,37.7297274,5.417643758,38.08030983,5.20111224,-10.774,2.09,9.552,-9.212,Csa,C
586,isomap_0834801,7.238010895,0.246755376,2.701589174,1.763497742,0.053190597,76.6428433,114,38.98333333,-3.916666667,682,20,21.30123363,3.009099818,8.475577812,33.53706927,7.039798438,31.41023018,6.382352605,-12.656,0.642,11.588,-10.902,BSk,B
587,isomap_0839700,6.845205303,0.284947452,3.924958968,1.367084316,0.073148036,38.59145208,96,37.15,-5.616666667,88,20,13.03784585,1.950382772,6.180573845,53.60697179,5.853345956,51.03507783,4.749488454,-8.052,0.558,11.294,-4.832,Csa,C
588,isomap_0843000,6.987743719,0.259241013,1.727763768,1.359043625,0.098480955,76.49453432,100,38,-1.166666667,62,20,20.4123942,2.983124872,8.664216439,25.92169551,6.138383534,24.90811153,5.723405657,-10.106,2.97,11.238,-15.054,BSk,B
589,isomap_0848700,7.601367937,0.250534807,4.942662977,1.25858234,0.096961055,47.79935084,90,36.85,-2.383333333,21,20,20.20522188,2.707514028,6.533496295,23.15452791,5.130821899,24.07298739,4.197626727,-9.8,0.46,5.396,-1.818,BSk,B
590,isomap_0849500,7.072064913,0.149118926,7.334960059,0.677024314,0.070968871,24.49820666,300,36.15,-5.35,5,20,11.82398902,1.707935571,4.894915597,57.75157855,4.44057222,58.41361636,3.508903932,-9.306968244,0.034,16.72953437,1.118,Csa,C
591,isomap_0851200,7.152528286,0.113517318,7.471527045,0.413459525,0.105038809,12.75997055,295,37.77,-25.65,175,20,11.48130349,1.6252669,3.617383533,48.23954483,2.911481319,47.07225536,2.854706245,-7.134,0.936,10.516,3.956,N,N
604,isomap_0852200,6.643131177,0.306883742,4.854495108,0.906543472,0.158561701,49.88041691,145,32.63333333,-16.9,58,20,10.76506164,1.684975583,6.93556792,65.48491056,2.712294512,66.63660662,2.4983321,-6.446,1.528,14.948,-5.124,N,N
606,isomap_0854600,7.956345544,0.36211465,9.500274041,1.645800364,0.07288353,67.72101852,157,41.13333333,-8.6,93,20,13.7336891,1.839565647,7.714211893,86.91052552,3.997219691,83.39373062,3.893598188,-9.408,-0.406,14.104,-1.152,Csb,C
607,isomap_0855400,6.739137462,0.203150877,5.098717858,0.903673745,0.070059,17.71640781,121,37.01,-7.96,9,20,10.72399025,1.615721633,4.402288531,54.64885807,4.793073785,64.00497441,3.588685119,-7.605,-0.522,13.44,1.056,Csa,C
610,isomap_0856800,7.644863375,0.205288216,10.34600814,1.491147999,0.034947875,35.91755609,174,40.41666667,-7.55,1380,20,15.54124682,2.082269245,5.665794547,67.09604972,5.244809543,66.29865207,4.998156889,-12.398,-2.696,13.904,5.448,Csb,C
611,isomap_0857100,6.59972364,0.18574337,3.347637302,1.021469649,0.06355497,40.21312163,177,39.28333333,-7.416666667,597,20,14.15142459,2.183379889,6.629689124,56.38632619,5.768635293,57.68040321,5.400605002,-10.64,0.338,18.18,-8.924,Csa,C
653,isomap_1003500,7.777297475,0.115655457,8.236765555,0.928186904,0.02745763,11.62354895,199,54.5275,9.5486,43,20,15.05431702,1.953034404,3.228693015,31.47279386,5.97949575,30.69455785,5.966343645,-13.2018,-4.0681,10.39375,6.6243,Cfb,C
675,isomap_1005500,7.756981044,0.090186237,6.906214207,0.73819535,0.028599526,8.228180704,198,54.5283,11.0603,3,20,16.19986279,2.099789972,2.739468154,24.78898031,6.145329744,24.99236239,6.121491912,-13.398,-3.77,9.884,6.4,Cfb,C
701,isomap_1009100,7.607912897,0.10138669,5.352661246,0.90846668,0.023660762,7.049241817,134,54.6789,13.4342,42,20,15.68524294,2.071244963,2.613239588,26.91504566,6.869340495,26.84538609,6.712309566,-13.144,-4.95,10.148,6.594,Cfb,C
704,isomap_1011300,7.931619129,0.124494835,7.584653553,0.88592156,0.030768474,7.882053306,151,53.7122,7.1519,11,20,13.66804441,1.736778579,2.633600102,31.63404326,5.723520549,30.76441181,5.531596056,-11.04,-2.872,6.234,4.08,Cfb,C
707,isomap_1013100,7.939193521,0.097602178,6.6274881,0.710764654,0.032038379,15.86443538,420,53.8713,8.7058,5,20,14.87049707,1.898308072,3.750313449,31.98059721,6.01151712,32.48914767,6.01492561,-14.004,-2.174,6.446,-2.228,Cfb,C
713,isomap_1018400,7.388396684,0.107713258,3.023395929,0.959130658,0.030051575,12.67276928,132,54.0967,13.4056,2,20,18.98660762,2.582914629,3.68193793,23.30805657,6.554712041,24.40952155,6.652365786,-14.332,-3.25,10.556,-0.2,Cfb,C
722,isomap_1026100,7.512477777,0.079273351,3.941942246,0.677368479,0.034491499,11.2807794,199,52.8911,11.7294,21,20,20.38262313,2.724607858,3.417137561,22.25274655,6.594372956,23.67063375,6.574929044,-15.12,-2.968,9.46,-1.296,Cfb,C
725,isomap_1028000,7.606124699,0.141004881,4.527245072,1.250811109,0.027379144,7.935819713,61,53.5483,13.1931,81,20,17.72622504,2.339852151,2.769252415,24.21529559,6.685446203,20.14156241,6.210564918,-12.398,-4.858,7.744,6.404,Cfb,C
730,isomap_1032500,7.899308777,0.069991922,7.050476056,0.561246015,0.031805609,11.3079002,408,52.1042,8.7519,135,20,17.5881922,2.241640005,3.172458991,27.10735341,6.16701617,27.16711935,6.18644537,-15.464,-3.018,7.842,3.044,Cfb,C
733,isomap_1034800,8.039623385,0.103055693,4.858724925,0.774826797,0.037080653,25.9358881,420,52.2914,10.4464,81,20,18.40290663,2.323342325,4.793859935,23.37061533,6.396425804,23.68894683,6.403119267,-14.05,-2.124,2.22,2.044,Cfb,C
738,isomap_1038400,7.852365456,0.076597231,4.476425083,0.635087912,0.034006587,18.09935952,419,52.4672,13.4019,48,20,19.86716134,2.551158454,4.021124842,23.45040582,7.065062125,24.37239164,7.068717253,-16.86,-2.894,8.53,0.882,Cfb,C
741,isomap_1040600,7.880237534,0.077564823,6.376831958,0.576006229,0.032333466,10.90755971,413,51.83,6.25,43,20,15.4340402,1.9750574,3.116905133,28.68976469,5.668505559,29.23623282,5.690610491,-12.826,-2.812,7.024,2.126,Cfb,C
744,isomap_1042700,7.685379496,0.091729211,8.875797863,0.832291625,0.022593502,7.975775522,196,51.18,8.4889,839,20,15.51510096,2.030025473,2.725087749,31.02924475,6.244386997,29.68105089,6.235969872,-13.846,-4.618,12.088,8.804,Cfb,C
749,isomap_1046000,7.716231931,0.072763919,5.111880971,0.658674267,0.033252666,10.61731951,199,51.3744,11.2919,164,20,22.53899597,2.931402828,3.168269249,19.92293903,6.73199899,20.87081834,6.728593136,-16.566,-3.608,10.348,6.364,Cfb,C
750,isomap_1046900,7.781231553,0.094341366,6.425829773,0.847269964,0.029244923,14.84007517,221,51.35,12.43,125,20,19.79560819,2.560930203,3.659913011,18.99611994,6.986623847,18.19058135,6.818538649,-15.522,-4.074,6.296,4.592,Cfb,C
755,isomap_1049900,7.747541005,0.079390908,5.915538139,0.726936587,0.031806857,11.92791737,197,51.1622,14.9506,238,20,22.16145334,2.872466349,3.320605983,28.1638685,7.201917523,30.53084213,7.226730102,-15.844,-2.388,8.232,-1.336,Cfb,C
759,isomap_1051500,7.851028503,0.072586046,3.061531097,0.536333381,0.044950292,16.84207531,393,50.3381,7.6,85,20,20.87064659,2.676998283,3.881812362,28.09221662,6.371702749,27.2569707,6.407123852,-15.968,-0.736,2.068,-7.038,Cfb,C
763,isomap_1054400,7.97346766,0.056984477,10.7357972,0.555035257,0.021592202,7.71824371,432,50.4972,9.9428,921,20,17.61758265,2.220048816,2.61550182,27.36216669,6.706843886,26.92041085,6.736171906,-16.594,-4.812,11.592,7.846,Cfb,C
768,isomap_1058200,7.761682291,0.103913477,9.435190044,1.056817403,0.025258804,15.40911259,156,50.7311,13.7514,877,20,21.69986354,2.81163656,3.738798662,22.93372966,7.298946546,25.97087557,7.412049877,-15.964,-4.404,11.092,4.852,Cfb,C
770,isomap_1060900,7.884379964,0.081430219,5.60173748,0.616441894,0.03578835,16.38062317,431,49.7478,6.6581,265,20,17.65595628,2.261017818,3.8180182,31.56327417,6.340102116,32.04083395,6.371184249,-14.406,-1.906,8.138,0.028,Cfb,C
774,isomap_1065500,8.056442904,0.05651757,6.610304267,0.481346132,0.034972946,11.43640054,432,49.7703,9.9578,268,20,22.0096415,2.74470922,3.18667749,26.12041355,6.836485745,25.56836606,6.862778814,-16.004,-1.976,6.682,3.438,Cfb,C
778,isomap_1068500,8.223021522,0.064789468,8.370488166,0.592717165,0.028560607,11.14954549,372,50.3119,11.8758,565,20,21.16388217,2.587277497,3.193303698,25.13031953,6.883080657,25.54663035,6.914114624,-16.934,-3.56,5.184,2.238,Cfb,C
781,isomap_1072700,7.718824548,0.050790147,5.400268458,0.420164995,0.034150285,7.702717329,396,49.0392,8.365,112,20,19.50759146,2.53605937,2.706143343,27.48102258,6.79647916,27.05183655,6.859756696,-14.31,-2.346,9.13,3.586,Cfb,C
783,isomap_1073900,8.02398595,0.062511238,5.792477356,0.543178362,0.034584025,18.47025184,537,48.8281,9.2,314,20,22.53527021,2.828454318,4.047443684,29.54555385,6.804543597,28.9549863,6.861907875,-16.414,-2.154,7.188,3.932,Cfb,C
787,isomap_1077600,8.342323291,0.063316974,8.244898685,0.614892423,0.029906244,16.60551594,432,49.0422,12.1019,365,20,25.14543428,3.031717002,3.970922621,26.66361858,7.247042816,26.97869217,7.285993159,-18.336,-3.086,0.002,3.378,Cfb,C
795,isomap_1086,7.622229292,0.20617491,4.860441042,1.744514145,0.019995806,17.22374572,137,44.5647222,-123.26083,76,16,12.00267511,1.60509699,3.930491128,83.75696311,5.223758558,74.81756692,5.040802461,-11.54875359,-4.416932149,9.727286505,4.883344909,Csb,C
796,isomap_1086801,8.003752814,0.064560973,8.51158804,0.690872341,0.024577441,7.060906636,168,44.22,11.59,489,20,23.99528335,3.005090394,2.491891077,34.7911622,7.052094191,37.4066014,7.019075228,-16.718,-4.86,7.524,7.62,Cfa,C
797,isomap_1087,8.202736728,0.233972108,9.859323667,1.535406398,0.029576345,10.81687665,90,44.637,-124.053,45,16,11.70651875,1.450246984,3.081426638,120.9704048,3.343201501,104.1691029,3.439898265,-9.317328676,-3.478001383,9.503296153,5.574389924,Csb,C
799,isomap_1089300,7.906096535,0.057813705,8.490993709,0.596133892,0.027073989,7.111084628,198,48.545,13.3528,476,20,24.25338309,3.074557652,2.519458324,38.00023438,7.135944055,38.3874789,7.253795272,-17.578,-4.218,10.324,4.704,Cfb,C
801,isomap_1090800,7.664676126,0.198720975,6.761417037,1.93704341,0.023932267,14.08203852,50,47.8747,8.0036,1490,20,18.75885668,2.463254668,3.563526433,45.38111273,6.454122185,49.14125882,6.669273028,-14.01,-5.126,10.4,6.188,Cfb,C
802,isomap_1090801,8.010860767,0.062224476,6.192060854,0.556433139,0.033123413,12.96971657,370,47.59583333,7.594444444,249,20,22.7813925,2.857623606,3.388451173,46.80230662,6.452454886,47.19964975,6.524652935,-16.058,-3.162,4.804,4.536,Cfb,C
804,isomap_1092,7.682817916,0.189081855,0.831512966,2.547892426,0.03245641,75.93382943,48,40.806389,-104.754722,1641,25,46.90360401,6.139255749,8.275489309,26.58909295,8.610272653,30.02148288,7.898325373,-23.86339492,-3.882196935,11.2347724,-5.930129381,BSk,B
805,isomap_1092900,8.148249871,0.048836336,8.310040993,0.505177237,0.027443495,11.01524291,432,47.6772,9.19,443,20,25.48506269,3.138581668,3.157890321,37.23179402,6.841701389,36.52776998,6.886672581,-19.242,-3.658,7.82,5.264,Cfb,C
807,isomap_1096200,8.056507691,0.03900027,10.92849536,0.464863722,0.021241986,6.949886683,402,47.8008,11.0108,977,20,25.76381058,3.204528965,2.487407412,46.47348772,6.801187283,45.51056634,6.711079096,-20.142,-5.058,9.798,8.644,Cfb,C
808,isomap_1096300,8.223920866,0.044340343,9.609055805,0.517810499,0.024829103,11.70786552,431,47.4828,11.0622,719,20,29.4346984,3.589403473,3.318404624,56.99518443,6.16454684,57.20599845,6.240896946,-18.826,-3.86,4.68,8.07,Dfc,D
809,isomap_1103500,7.566365016,0.057772763,2.719822343,0.596192978,0.032030809,32.71909213,618,48.24861111,16.35638889,198,20,27.3752018,3.643308299,5.608947542,28.57665779,7.543950078,28.60585979,7.496593098,-21.126,-2.016,10.708,-10.632,Cfb,C
812,isomap_1123101,8.042980306,0.05005552,9.493195295,0.565604789,0.029401816,11.58213325,265,46.64833333,14.31833333,450,20,31.82575495,3.965861771,3.202989878,57.21937196,7.554433098,55.96254439,7.506533167,-21.484,-4.118,8.832,8.164,Dfb,D
813,isomap_1126501,8.175213019,0.050730921,13.38948765,0.590410889,0.022904371,10.86376654,359,46.60305556,13.67138889,2156,20,26.87772511,3.297977222,3.15364579,63.37424695,6.59606334,61.77271914,6.502786409,-20.39,-3.408,9.72,4.124,Dfb,D
814,isomap_1129001,7.874047671,0.050333052,7.497694469,0.529543114,0.03026172,13.01357612,355,47.07777778,15.44888889,366,20,27.95432529,3.561044145,3.422856752,51.32011599,7.305068257,48.99700853,7.201559405,-19.982,-4.264,10.616,5.052,Dfb,D
815,isomap_1137901,7.364805497,0.14570267,2.57210436,1.496616231,0.034829125,24.19560019,60,48.15,15.15,252,20,28.60558143,3.900288148,5.182623102,36.87372592,7.510766788,40.26261148,7.647964786,-17.896,-3.926,12.948,4.228,Cfb,C
822,isomap_1160,8.528873476,0.514327403,10.28748317,1.126229212,0.258700414,31.11659537,56,25.7325,-80.163236,3,55,12.29891205,1.508760862,5.220883197,93.91939615,3.281949634,85.75982425,3.41929554,-5.196237696,0.237420771,10.88220679,7.027634959,Am,A
823,isomap_1160301,7.69975692,0.124556286,8.861489946,1.285444501,0.023924153,12.42908751,91,50.8325,15.14777778,823,20,20.99583749,2.739677323,3.388866856,37.5096793,7.202813942,41.73822311,7.107983435,-15.89351243,-4.78,12.87589542,6.402,Cfb,C
836,isomap_1175,8.215445183,0.159148898,19.55798213,1.012416652,0.052908505,8.111018158,54,-34.07893,149.9133,97,27,19.25455213,2.354168653,2.684225729,44.98683222,4.862659785,36.25653606,4.907540228,-10.77,-2.548,17.88,18.004,Cfb,C
852,isomap_1187800,7.944611812,0.044568376,7.813017173,0.502418618,0.030514395,9.536233767,254,49.0975,19.59,570,20,32.43287925,4.089365926,2.910572297,53.93575242,7.408243779,56.90633005,7.506756159,-21.94,-4.223167707,8.6,3.416786522,Dfb,D
863,isomap_1195,6.788387128,0.337157595,-0.550387633,4.145884357,0.009652529,23.81481042,61,36.5213,138.3497,1322,84,10.70157132,1.609525195,4.895406592,70.28130039,8.854360191,67.24879364,9.29858922,-14.88411868,-9.5293896,18.0859372,10.16129843,Dfb,D
864,isomap_1196,6.878257427,0.208032156,0.586685137,2.575176979,0.012256365,14.65904952,61,35.9452,138.4697,1350,84,13.8270296,2.026812913,4.196361117,98.8136339,8.519377417,87.78603985,8.936909375,-16.12300074,-9.157756183,18.20056891,10.58881195,Dfb,D
865,isomap_1197,7.212103179,0.213518144,4.631153409,2.237385312,0.022057764,24.24563457,61,35.6828,138.5664,304,84,18.73891144,2.621591515,4.999200081,96.62472631,8.26208996,87.28244626,8.669611824,-16.37340205,-7.420293911,16.27362586,7.701883269,Dfb,D
867,isomap_1198,7.048774646,0.22134749,2.754743799,2.363028173,0.019643079,23.00636991,61,35.7475,138.4166,526,84,16.95617645,2.428418715,4.99388892,98.8136339,8.519377417,87.78603985,8.936909375,-15.88494872,-6.979247997,17.1030148,5.267560902,Dfb,D
868,isomap_1199,7.325122109,0.369518541,7.770535766,3.4019939,0.019681197,29.05366966,51,35.2231,138.2231,755,84,13.35310498,1.863359705,5.12815336,105.2746986,8.14524716,88.35920665,8.281850785,-12.95407831,-6.463190903,19.62830283,13.82736972,Dfb,D
869,isomap_1200,7.36717629,0.487093088,3.992662559,5.545747116,0.016533539,76.96672645,49,36.2511,137.9778,620,84,17.04916891,2.398693938,8.228783389,80.7217662,8.962980396,79.10994431,9.32908569,-16.20302381,-7.952767415,15.56178619,6.379496482,Dfb,D
870,isomap_1201,6.813362565,0.240502218,-2.049213494,2.771584928,0.017171573,29.25516014,61,36.5053,137.8703,776,84,16.6548188,2.470995404,5.777758811,67.60327303,8.970480324,63.18763978,9.417613341,-15.96069952,-7.234376289,16.59987652,2.640766186,Dfb,D
871,isomap_1202,7.591672307,0.268046423,5.302828115,3.196330713,0.010428866,13.40770523,61,36.2533,137.6686,1529,84,12.11087619,1.618133432,3.457823207,80.7217662,8.962980396,75.11368887,9.397087279,-14.99723294,-8.930547929,12.81076674,9.125192521,Dfb,D
872,isomap_1203,6.386199016,0.284673585,-5.769397944,3.504060413,0.010115382,20.20521237,61,36.7108,138.4947,1594,84,10.56007219,1.676287978,4.919561425,70.28130039,8.854360191,67.24879364,9.29858922,-15.09541773,-9.064445247,21.32727042,10.85790763,Dfb,D
873,isomap_1204,6.407356309,0.187594183,-5.965105691,1.997017061,0.017306598,14.42250223,61,36.6317,138.1891,354,84,13.54667556,2.12709843,4.851584872,70.28130039,8.854360191,67.24879364,9.29858922,-14.91136918,-7.441285418,17.83145549,5.618340702,Dfb,D
874,isomap_1205,7.147150846,0.21391768,1.975585972,2.583218877,0.011941673,12.72249659,61,36.5317,138.325,1249,84,13.34701369,1.884205762,3.666677151,70.28130039,8.854360191,67.24879364,9.29858922,-15.61226687,-9.406684166,14.49017625,9.441607463,Dfb,D
875,isomap_1206,7.002551675,0.221901603,1.091358513,2.391910438,0.016018646,16.22539378,61,36.0455,138.1087,760,84,14.05089048,2.025615104,4.230032396,78.61323037,8.808731244,72.97864181,9.243730328,-14.7359175,-7.454319105,17.22321673,8.640262159,Dfb,D
877,isomap_1208,7.997072054,0.306199753,10.98972,3.621595442,0.00918628,12.25384339,61,36.1226,137.6298,1446,84,11.0778698,1.411054941,3.247824714,80.7217662,8.962980396,75.11368887,9.397087279,-14.46407722,-9.558940994,13.25662635,9.078464842,Dfb,D
880,isomap_1256500,7.860502312,0.037202972,7.055091725,0.383167025,0.028756822,7.800816168,465,50.06166667,19.84861111,205,20,25.50538129,3.251870319,2.667795252,36.54605848,7.454292552,34.79262506,7.412120207,-19.342,-4.106,10.196,5.588,Cfb,C
881,isomap_1312701,8.040120217,0.090449029,8.479783456,0.838998726,0.031176784,13.71170761,182,45.80666667,15.97,165,20,23.12127073,2.890159589,3.475995542,45.32923614,7.471001594,45.76485924,7.427482419,-15.214,-3.242,5.812,2.596,Cfb,C
882,isomap_1312702,7.573239741,0.178921704,2.753261653,1.602175126,0.039446087,39.22578146,89,45.81666667,15.98333333,157,20,25.55773746,3.406638769,6.014163412,45.32923614,7.471001594,44.41144077,7.610311149,-15.648,-2.644,12.224,-0.708,Cfb,C
887,isomap_1351,7.419956645,0.118670779,-11.87186388,2.327814787,0.014598531,89.019731,150,50.01,-114.01,1049,42,43.17693043,5.860073773,9.456694972,39.18944136,8.437818097,40.20072254,8.174842985,-30.94756579,-7.24625,5.701052632,-22.45095833,Dfc,D
888,isomap_1401500,8.106451699,0.078062816,10.29173599,0.715946417,0.031950182,16.14974388,290,46.095,14.597,282,20,23.3641012,2.899347056,3.790461051,57.94494517,7.340487866,56.65993424,7.316167271,-17.838,-3.272,8.102,3.716,Cfb,C
889,isomap_1410501,8.154002615,0.233159156,10.02119584,1.619204414,0.045900988,25.56679496,74,45.46666667,13.61666667,2,20,19.70491814,2.448499298,4.719719517,54.25233778,6.55692974,59.68044137,6.76970622,-11.754,-2.796,9.728,5.648,Cfa,C
905,isomap_1612000,7.652233444,0.118029709,7.341205443,0.641371709,0.06504867,23.99332692,319,44.42,8.85,2,20,16.30791915,2.162949111,4.664453411,79.40730414,6.286417258,83.08287016,6.134745035,-10.984,1.294,10.892,1.228,Csb,C
907,isomap_1613401,6.93912145,0.239292945,6.36595849,1.986622724,0.029103163,19.32884325,52,44.09,11.08,842,20,15.17366919,2.207021365,4.670533844,38.83923837,6.815573901,35.35527811,6.125622906,-11.836,-4.25,18.488,5.98,Cfb,C
909,isomap_1614001,7.121739965,0.311337218,1.645492343,2.452846532,0.036511535,37.06476555,48,44.52361111,11.33888889,35,20,17.57468982,2.503975866,6.014585051,33.99062245,7.794488096,36.61308753,7.584107331,-12.416,-3.978,11.268,-1.596,Cfa,C
910,isomap_1615801,7.914985627,0.2717069,9.451709234,1.449942052,0.054174287,15.15345318,60,43.71,10.4,12,20,13.74366211,1.761574454,3.613639113,47.16762064,5.886944678,48.66040084,5.706723828,-8.212,-1.408,10.976,8.284,Csa,C
952,isomap_1668901,7.839934474,0.275048401,9.926451749,1.498764868,0.060949594,43.80539539,124,38.28,21.79,100,20,15.85202197,2.084222262,6.20146828,52.3997152,5.993617955,49.56930217,5.36315819,-9.594,0.496276222,12.254,0.655986142,Csa,C
954,isomap_1671601,6.853012824,0.192096499,5.629304462,1.264358653,0.052883932,43.69251716,137,38.05011111,23.866675,498,20,17.1998555,2.549619847,6.804716029,38.85458487,6.618908887,41.27745969,6.293969542,-11.62229969,0.443523498,17.39398446,-5.637170056,Csa,C
955,isomap_1671701,6.720184608,0.188284228,4.757906369,1.101610337,0.064614922,37.22030762,126,37.97,23.72,107,20,16.34882174,2.466163929,6.477788815,53.43907537,6.386799187,57.3203095,5.935616909,-10.26397263,1.796469417,18.02411468,-4.811308119,Csa,C
959,isomap_1702600,6.75881757,0.159851097,3.146104621,1.351993646,0.034723028,20.44598753,79,42.025,35.15833333,32,20,18.13280444,2.699598436,5.353163698,25.74928238,7.560088691,26.9519507,7.699247491,-12.49871246,-3.101317075,18.02784619,2.920116523,Cfa,C
960,isomap_1704000,7.39144515,0.145344551,9.479250386,1.198570027,0.038076036,15.85747171,77,41.02444444,40.52,136,20,20.6238559,2.805203667,4.074749233,25.7579721,7.826088573,22.74451771,7.686515944,-13.244,-3.568,18.958,8.938,Cfa,C
961,isomap_1705000,6.686113583,0.222281239,-0.398991371,1.751581355,0.041368436,39.6525295,73,41.67805556,26.55916667,48,20,18.60158277,2.81249964,6.878450987,32.95673061,7.564088092,36.44659078,7.484620477,-13.08037871,-1.54637255,11.50486327,-8.554410406,Csa,C
962,isomap_1709600,7.754758089,0.097434942,9.275659894,0.927794447,0.055669994,22.56194615,74,39.91055556,41.27555556,1758,20,40.56914194,5.243759994,4.601954555,27.1346999,9.624719321,23.34380599,9.35782694,-17.57793818,1.422,14.34887845,2.334,Dsb,D
965,isomap_1713000,7.383012475,0.069303901,5.534716279,0.582848527,0.048275548,36.60358446,462,39.95,32.88,902,20,26.79124955,3.655853205,6.114344867,22.04919188,7.999467297,20.87333764,7.8519984,-17.43,2.353744285,14.852,-9.327313606,Csb,C
966,isomap_1722000,7.515419429,0.329375695,8.989244323,1.683956642,0.056840018,21.66199665,58,38.43055556,27.15111111,120,20,12.65069093,1.717574887,4.388391277,62.23146209,6.712971114,64.02183031,5.392665773,-7.43009923,-1.315858163,13.64562252,7.769273906,Csa,C
970,isomap_1728000,7.555996563,0.184779849,11.91660469,1.315898099,0.072028588,37.47083661,61,37.90111111,40.20361111,686,20,29.08585408,3.875740575,5.928352107,44.26846579,9.696326995,35.80170786,7.888496131,-14.94015494,0.477045141,17.93062169,9.978932793,Csa,C
973,isomap_1730000,7.127528923,0.14083923,9.805625227,0.755421677,0.07528827,52.01947844,353,36.88,30.7,49,20,17.03977643,2.445019808,7.084611657,98.77745362,6.457782675,96.09801439,5.521587192,-12.7391078,2.716289692,14.12529845,-4.223761194,Csa,C
974,isomap_1735000,6.701827428,0.110593723,7.080454309,0.577405485,0.08240882,35.15606199,334,36.98,35.3,73,20,16.53367842,2.49823881,6.40549018,63.59396419,6.665116409,61.36383703,6.224106374,-11.30460365,2.407601065,15.39685534,0.450241453,Csa,C
981,isomap_2200001,7.688454869,0.110327446,0.572433809,2.653786787,0.010261844,49.23251348,91,68.75944444,161.3425,30,20,47.04715052,6.141856455,6.816782943,12.07158367,16.52201859,14.78328711,15.74508547,-36.362,-15.2691503,11.564,-1.152681739,Dfc,D
983,isomap_2221700,7.909113582,0.106370334,2.723653969,1.565605749,0.018651189,13.85684273,60,67.15,32.35,26,20,33.44917284,4.238690508,3.474019046,24.33633066,9.787454786,22.51404053,9.640571844,-20.86,-8,2.92,3.3,Dfc,D
987,isomap_2333000,7.911690332,0.100174858,2.095910784,1.830455781,0.015366467,18.80578015,58,66.53333333,66.66666667,16,20,42.10640579,5.332284782,4.047261299,21.2224307,13.30226589,21.43668379,13.56783361,-27.66,-9.52,4.2,-0.06,Dfc,D
991,isomap_2495900,7.864316589,0.106832998,-0.30431411,2.691041183,0.013436038,54.07096931,54,62.08,129.75,107,20,68.68025528,8.750886296,6.909480624,19.07904776,21.46107948,18.68434475,21.85802207,-38,-10.56,1.64,-5.58,Dfd,D
998,isomap_2719600,8.008287796,0.125853181,5.252663188,1.834722651,0.019602389,30.69151361,91,58.65,49.61666667,164,20,34.91852362,4.381249638,5.168791564,26.44449295,11.42914453,25.85837673,11.12625242,-21.86,-6.68,7.08,4.26,Dfb,D
999,isomap_2740200,8.055326598,0.195060904,9.685274048,2.54003728,0.025529552,52.99993758,61,56.9,35.9,31,20,36.54410551,4.571232035,6.759127524,29.28983826,9.809711706,33.19692745,10.15098342,-21.42,-6.24,10.76,5.52,Dfb,D
1001,isomap_2761200,6.543673028,0.299792351,-17.65755878,3.610327502,0.025040391,124.1689276,64,55.75,37.57,157,20,25.2581699,3.924238581,11.71179252,29.29405391,9.96113239,28.43688393,9.924598225,-19.1,-5.42,13.8,-11.8,Dfb,D
1012,isomap_3190900,7.463850953,0.349570214,3.005709715,3.562068618,0.021509104,44.36449277,51,45,136.6,68,20,17.9825119,2.457558232,6.288843921,52.07747346,10.46274861,52.08298033,10.02577133,-15.62,-6.28,16.02,4.4,Dfb,D
1017,isomap_3374900,7.694805457,0.176596909,6.05649345,1.728177152,0.034049457,25.74569589,58,47.4,28.49166667,78,20,26.67463017,3.48722741,4.82006669,29.21258299,8.981398556,22.65869692,9.060535026,-16.1780799,-3.64,9.072309472,3.724,Cfb,C
1019,isomap_3383870,7.806150161,0.143530629,8.205084419,1.306171591,0.037532592,18.39475352,70,46.96666667,28.9,125,20,25.8701907,3.329937815,4.039001368,27.16572374,8.910153298,24.18675546,9.318224085,-16.01495621,-3.777880864,8.26697192,6.133070254,Cfb,C
1020,isomap_3383880,7.622326341,0.171519744,4.844809097,1.763677646,0.0391542,42.81301948,64,47.7,27.88333333,231,20,33.18085554,4.380166331,6.292076224,27.71632622,9.036618269,25.15333321,9.304248642,-18.17595889,-2.764,7.410961556,-1.986,Cfb,C
1021,isomap_3388100,7.80440982,0.176572743,7.271710676,1.719787929,0.038185597,33.51482086,63,46.49722222,28.3,156,20,29.91968313,3.858556882,5.425714126,26.46880577,8.861030186,24.1600631,9.471506571,-17.3933308,-2.708,6.053115264,0.01,Cfb,C
1022,isomap_3388500,7.68550012,0.125947573,6.38116483,1.14174382,0.037478026,13.61920556,67,45.8,28.2,113,20,25.24462173,3.296286758,3.580628875,25.31573347,8.810836114,22.87964892,9.224741884,-14.91930107,-3.66,8.749965728,4.206,Cfb,C
1023,isomap_3400900,8.344216441,0.237120352,5.809527239,2.30118473,0.02756007,25.70341567,56,51.73333333,36.26666667,210,20,23.22647036,2.811931915,4.792340495,27.37748919,10.28367692,28.54956225,10.23683339,-14.02,-4.96,3.9,0.04,Dfb,D
1026,isomap_3488000,7.554986229,0.1500644,0.433015881,1.389802343,0.049681786,57.92637358,106,46.25,48.03,-18,20,33.7821309,4.507076039,7.381875819,12.27967899,11.01047354,11.61975156,10.88690416,-19.12,-2.32,15.56,-1.36,BSk,B
1028,isomap_3752400,7.985263242,0.094904838,14.38253149,1.132582025,0.035869855,22.06294146,77,41.71,43.51,1665,20,42.45113748,5.328458083,4.374026813,35.4325743,9.523432752,38.26705402,9.268566452,-20.236,-1.89892642,15.86,12.98197914,Dfb,D
1029,isomap_3754900,7.808137994,0.121945394,9.772317541,0.979785967,0.05955839,20.07835404,71,41.68,44.95,490,20,31.59307465,4.060372216,4.238639126,33.14973373,8.684501128,35.36475851,8.453810833,-16.30427808,-1.797928829,13.611413,8.315118245,Cfa,C
1053,isomap_4015301,7.665664806,0.661548159,19.7246088,4.161454458,0.026048584,38.16075515,54,32.97,35.5,964,20,9.06756853,1.268982356,5.730971867,64.35703151,5.37094632,66.14440415,3.53056872,-8.326,-3.754,26.408,15.772,Csa,C
1054,isomap_4017900,6.551401073,0.27232938,10.69996546,1.25370672,0.075478256,59.5296153,168,31.99730278,34.81616111,39,20,12.02910042,1.901798018,7.661944811,59.19847782,5.055874873,68.82105124,3.561814081,-7.924,1.804,24.932,-2.792,Csa,C
1057,isomap_4025500,7.151060681,0.341724776,16.01878204,2.085859244,0.049833167,43.84281416,68,32.53,35.85,555,20,14.78050071,2.118851878,6.387582262,51.24702699,5.92764257,59.58204832,3.765527279,-9.258,-1.168,24.838,10.364,Csa,C
1058,isomap_4025501,6.740187051,0.375506996,12.94890604,2.29897059,0.053187956,47.15022669,49,32.55,35.85,616,20,14.91188028,2.257873927,6.901016772,51.24702699,5.92764257,61.52002686,3.899124752,-9.132,-1.25,25.176,9.726,Csa,C
1063,isomap_4026601,7.632269851,0.498117333,20.375756,3.325252486,0.027663048,36.75261069,65,32.36666667,35.75,1150,20,10.63894256,1.465056785,5.65202469,49.19472097,6.08962695,57.56607409,3.912932301,-9.112,-3.668,24.842,15.379,Csa,C
1079,isomap_4075400,6.84898154,0.140562507,3.878241624,0.930053056,0.106433656,83.85237329,136,35.68,51.32,1200,20,32.55452931,4.793608776,10.14295321,20.85822921,9.716381221,17.48064058,8.32953943,-13.704,7.314,14.452,-19.932,Csa,C
1081,isomap_4094900,7.48225939,0.143251194,13.2749082,1.131832252,0.084506577,62.99801499,86,34.57,69.21333333,1860,20,40.2888886,5.41611449,7.903315859,38.7627396,8.735774244,37.10368816,8.039678636,-14.84,3,21.64,0.56,Csa,C
1082,isomap_4115001,6.283890048,0.277068191,8.755860315,0.776564794,0.392233082,85.46121862,95,26.27,50.62,2,20,17.50751997,2.840626548,9.785604201,14.76574737,7.598142047,18.16404512,4.462361574,-5.468,6.816,18.164,-15.608,BWh,B
1086,isomap_4192300,7.83183609,0.142289286,7.699134885,0.821339575,0.102659211,15.03765219,50,23.95277778,90.27916667,14,20,28.06628272,3.59552689,3.634511033,168.0484376,3.734828315,158.4881031,2.398240164,-10.77849377,0.513395256,9.328959746,3.008416269,Aw,A
1101,isomap_4218200,7.416845406,0.096426804,4.962959362,0.510269783,0.160888886,69.49939842,304,28.58,77.2,212,20,32.97810824,4.488532707,8.250093066,95.44500147,6.595774544,107.9768056,6.622403826,-13.716,6.67,7.548,-11.06,BSh,B
1121,isomap_4331400,7.770103584,0.103408633,9.839035815,0.474917253,0.121332851,7.993587556,85,11.25,75.78,20,20,21.30439454,2.750168849,2.709707537,348.117566,1.234223799,366.43518,1.115722209,-10.426,-0.698,11.73,10.214,Am,A
1131,isomap_4343600,7.978079494,0.289015959,11.85207915,1.281678267,0.09390163,20.26923084,51,7.72,81.73,5,20,16.42693942,2.08752688,4.163433588,113.4818646,1.102639572,98.20146398,1.089462313,-8.114,-0.526,11.672,8.318,Am,A
1137,isomap_4346600,8.44968459,0.294001061,11.41584331,1.179416038,0.110564328,21.56485856,61,6.906666667,79.87,7,20,16.81794325,2.02412617,4.398839333,106.5013101,0.80651792,88.24518589,0.795178185,-8.218,-0.642,5.824,7.056,Af,A
1138,isomap_4346601,7.752705752,0.112163091,10.55872888,0.512142479,0.09849472,5.280384686,70,6.9506,79.8795,5,20,17.52385837,2.266971114,2.208260291,106.5008756,0.80651792,103.3358592,0.717883861,-9.319791285,-0.850984524,12.27079975,8.993891495,Af,A
1139,isomap_4347300,8.374535457,0.18568855,15.84568863,1.204176425,0.05959505,13.33752682,50,6.966666667,80.76666667,1880,20,22.73772803,2.730234049,3.524668472,106.6376063,0.751397757,90.09840603,0.797154882,-11.554,-1.804,9.392,11.232,Af,A
1145,isomap_4500400,8.27825673,0.067882535,12.05475914,0.382273632,0.079000225,17.88258489,494,22.31666667,114.1666667,66,20,22.46568703,2.734579561,4.05170363,179.1450903,4.946198442,176.716354,4.848109511,-12.65973307,1.231,10.93708088,0.548,Cwa,C
1146,isomap_4713101,8.949213131,0.212947863,21.21261056,1.791287792,0.028093705,37.206608,185,36.62,127.46,62,20,19.37684556,2.222889522,6.072601738,113.4349823,10.06203053,125.9612498,9.87486875,-13.402,-2.944,13.616,13.046,Dwa,D
1147,isomap_4713800,9.096087297,0.349247736,20.23877273,2.634932867,0.036325064,63.20947844,110,36.03,129.38,6,20,20.58049177,2.356322993,7.820408782,84.66003866,8.743287457,82.61036154,8.781128511,-14.038,-2.454,12.004,10.192,Cfa,C
1148,isomap_4751300,8.043838313,0.174580123,13.42787489,1.494086658,0.027992592,32.22797401,192,39.03,141.81,260,20,17.9408645,2.27383026,5.328550038,81.69815215,8.183577047,89.70953342,8.243686051,-13.602,-2.924,16.216,6.762,Cfb,C
1149,isomap_4766200,7.789608685,0.247648079,11.21647068,1.816619925,0.034513473,54.23200636,183,35.68,139.77,4,20,15.97256365,2.12600049,6.922082622,73.51795172,7.711074646,69.9216333,7.550692381,-11.826,-2.454,20.968,12.592,Cfa,C
1151,isomap_4845500,7.570603754,0.082084402,6.420430241,0.487155204,0.072515648,26.0111579,417,13.73,100.5,2,20,20.94565305,2.792959206,4.942615283,110.0549771,1.435764504,104.6811012,1.182370689,-11.847,3.104,12.536,-12.13,Aw,A
1154,isomap_4860000,6.512441928,0.612176641,3.102284905,3.895601302,0.056837404,178.0847724,51,6.329722222,99.73,31,20,16.80060911,2.712486626,12.83643584,89.27081905,0.750141856,78.77417322,0.731054516,-10.06,-1.058,16.136,-6.094,Am,A
1155,isomap_4860300,7.803999692,0.293003894,12.45599543,1.941973674,0.03746045,26.17654373,79,6.2,100.4,5,20,14.27501721,1.869846631,4.778263249,100.2594977,0.768870986,87.17670329,0.805731719,-10.362,-2.528,14.874,7.464,Am,A
1157,isomap_4861500,8.595027995,0.649810415,12.48504872,4.021255702,0.037026382,97.60883156,91,6.166666667,102.2833333,7,20,13.84131084,1.79579559,9.261024462,132.8150925,0.819919572,165.3953599,0.719013906,-8.894,-2.006,10.752,-0.718,Af,A
1159,isomap_4863200,9.123683321,0.407533007,27.30428652,3.843300027,0.021559472,32.96669992,50,4.466666667,101.3833333,1430,20,18.96111249,2.130836455,5.787944284,98.29139242,0.691006492,99.86845619,0.629603133,-13.08,-5.644,11.324,12.732,Af,A
1160,isomap_4864701,8.584850814,0.288961481,14.77065453,2.097072335,0.033193095,45.25513902,145,2.883333333,101.7833306,26,20,16.57472117,2.005609833,6.39881824,70.54498,0.699262157,63.04152233,0.539683234,-11.252,-2.908,8.246,6.812,Af,A
1164,isomap_4869400,7.678047951,0.190013996,10.71103706,1.421918883,0.029785218,7.510062024,52,1.35,103.9,32,20,14.08935716,1.846313855,2.602445254,83.97056521,0.774646772,74.22953831,0.50857657,-10.346,-3.998,13.848,11.804,Af,A
1167,isomap_5074500,7.686185977,0.152021894,1.363550066,2.541904164,0.025681643,74.95470209,50,47.38333333,123.9166667,147,20,56.80968227,7.419164646,8.330130525,47.66628432,14.54074205,53.46403106,14.24787492,-29.4,-6.172,10.6,-3.604,Dwa,D
1170,isomap_5182801,7.308561029,0.168702091,4.553658292,2.346411885,0.031266077,185.8968455,131,43.78,87.62,918,20,45.85879472,6.351787325,13.46607894,14.00888322,12.68337727,18.00962424,12.45758111,-26.212,-1.292,22.696,-11.264,Dfb,D
1171,isomap_5265200,7.055531157,0.194619081,-1.799294737,2.236435107,0.050382368,201.8921619,86,38.93,100.43,1483,20,48.20535496,6.903736928,14.70581063,14.7440907,9.57286614,15.81200504,9.528953253,-24.44,0.214,26.2,-17.552,BWk,B
1175,isomap_5369800,6.681680064,0.21650993,-1.114721726,1.801875872,0.045438696,110.5210208,146,38.03333333,114.4166667,80,20,22.62489917,3.456199658,10.76483316,52.30115742,10.37570488,54.01594958,9.923074727,-16.448,-1.098,32.404,-6.136,Cwa,C
1181,isomap_5452700,7.136425055,0.320966962,4.386179224,2.500584932,0.04641844,79.32349719,64,39.1,117.1666667,3,20,21.71534455,3.106504202,8.661139769,58.4275123,10.64218534,56.06283852,9.816352866,-13.712,-1.406,16.396,-6.772,Dwa,D
1182,isomap_5452701,6.648604937,0.231684077,-2.836293735,2.07671656,0.043559925,63.94762568,60,40.67,109.85,1067,20,24.75849327,3.759743826,8.927629746,28.84780955,11.81697753,28.21951033,9.979976856,-16.498,-2.714,17.084,-6.208,BSk,B
1184,isomap_5629400,7.261496558,0.2591332,-0.775088108,1.64888355,0.083874216,74.20070707,67,30.67,104.02,506,20,26.11043599,3.647991266,8.422137395,79.39270987,7.021326462,76.06133901,5.733548736,-10.844,1.958,9.032,-12.084,Cwa,C
1185,isomap_5677800,6.993701571,0.179468565,0.439695362,1.594333912,0.051114451,118.1098854,151,25.01666667,102.6833333,1892,20,29.79593508,4.326732311,11.02277859,84.2392475,4.452328968,84.67532201,4.062540583,-15.748,-0.384,19.584,-10.128,Cwb,C
1186,isomap_5703600,7.958582114,0.306849822,9.549675933,2.414090334,0.045389162,58.0885537,60,34.3,108.93,397,20,24.06857887,3.079906975,7.070418627,52.83054624,8.991716043,46.03353783,8.29804139,-13.542,-2.158,14.536,1.544,Cwa,C
1187,isomap_5708300,7.376227254,0.361359789,1.317311613,2.548211644,0.055161657,81.56219801,57,34.72,113.65,110,20,21.90068295,3.039876569,8.563439735,58.66004355,9.579864142,43.37976612,8.979939157,-12.166,-1.116,13.328,-4.332,Cwa,C
1188,isomap_5749400,8.572711402,0.396534975,8.648604073,2.540894216,0.060457893,57.72095141,50,30.62,114.13,23,20,23.12863714,2.764861581,7.186274295,74.03065438,8.730948478,73.98833965,8.320497382,-10.262,-1.162,4.136,3.036,Cfa,C
1190,isomap_5767900,8.614641595,0.21106187,16.22363071,1.334562574,0.069466758,22.77276967,57,28.2,113.0666667,37,20,25.7237853,3.010351209,4.78510817,76.34890874,8.343277453,72.9168029,8.24642636,-11.63,-0.638,12.36,13.244,Cfa,C
1191,isomap_5771300,8.208824442,0.272666194,12.66041126,1.99260965,0.065640866,80.61184998,73,27.7,106.88,844,20,30.49509785,3.780705845,8.388570032,70.28050207,7.162402959,62.83972304,7.017280663,-13.684,-0.964,11.972,4.112,Cfa,C
1192,isomap_5781600,8.949542268,0.164714789,22.92902036,1.269998198,0.059137868,20.70461861,58,26.58333333,106.7166667,1071,20,33.29740311,3.739003699,5.496947169,74.72452243,6.573871482,64.9939564,6.529579819,-14.514,-1.848,12.572,22.024,Cwa,C
1193,isomap_5795700,8.515430147,0.1325743,17.53274523,0.854699221,0.064455371,13.66050035,91,25.07,110.08,170,20,24.59222188,2.903075812,3.754221421,110.3698622,7.219843456,87.6595856,7.412606637,-11.246,-1.344,15.128,14.932,Cfa,C
1194,isomap_5823800,8.711080698,0.214015631,19.30910931,1.663946981,0.038105737,16.40144198,58,32.18,118.18,26,20,21.76269785,2.519437233,4.150120151,72.27864363,8.954935723,85.74513292,8.932255646,-11.108,-2.59,10.384,15.28,Cfa,C
1195,isomap_5884700,8.698097326,0.29974833,14.56401521,1.855585497,0.066471892,48.08191705,71,26.08333333,119.2833333,16,20,24.01850614,2.817431894,6.725197178,93.41681097,6.26891764,97.84492126,6.233733256,-12.068,-1.588,10.464,0.544,Cfa,C
1196,isomap_5904600,7.685182264,0.3343773,4.154402814,2.105705499,0.071120823,64.51112261,53,24.35,109.4,97,20,23.34765027,3.096361696,7.492454512,95.22363235,6.520904746,83.60227396,6.685765482,-10.814,-0.686,11.612,-1.892,Cfa,C
1197,isomap_5928700,9.26913476,0.439768188,17.20767738,2.670950824,0.063766189,73.06651238,64,23.13,113.32,7,20,23.8022358,2.663826343,8.560763676,121.3767591,5.53076564,116.6000361,4.983370513,-11.00086361,-0.838731987,3.821041685,5.713042778,Cwa,C
1198,isomap_5975800,7.896974574,0.283897313,8.433851405,1.834252463,0.067057626,48.32753155,58,20.03333333,110.35,15,20,23.80277721,3.060183915,6.451572171,119.1048541,4.312070876,109.6080942,3.687263281,-11.702,-1.344,10.176,6.452,Cwa,C
1199,isomap_6002000,7.020272177,0.352932377,4.883154644,0.860466691,0.365024332,52.49876998,67,28.45,-16.25,36,20,15.31623042,2.238480524,7.046253121,54.24807563,3.051635415,61.40933832,2.479042099,-5.462,2.94,10.098,-1.664,Csb,C
1202,isomap_6014100,6.439408065,0.252900127,4.361047258,1.251913516,0.086584833,41.73750432,80,33.96666667,-4.983333333,571,20,15.12097664,2.382349954,7.003504547,36.52516569,6.314354117,36.58191926,4.822158421,-7.945270442,2.368482473,16.57774685,-2.513180774,Csa,C
1205,isomap_6036903,4.761814124,0.280382578,-7.196529874,1.353020983,0.143958292,135.7575353,69,36.78,3.052222222,180,20,16.96561735,3.543815585,15.33577475,40.93034129,5.244304204,35.2742107,4.562300612,-7.758,5.942,14.988,-40.186,Csa,C
1209,isomap_6071500,6.087004073,0.15865364,1.190199915,0.682589177,0.118851524,48.42692923,208,36.83,10.23,4,20,14.74752698,2.454765796,7.936119861,34.58952944,5.94728976,35.48821027,4.811432395,-8.558,3.824,16.134,-13.872,Csa,C
1211,isomap_6075000,6.745077551,0.183180881,4.294840295,0.841306384,0.123942353,57.82939022,156,34.71666667,10.68333333,23,20,18.95750976,2.855952647,7.921752599,25.67896377,5.619882591,22.79373674,5.229483149,-10.039,4.291,10.486,-13.788,BSh,B
1220,isomap_6129100,6.607671509,0.128773525,1.473503931,0.621367752,0.17556803,56.61750502,144,12.69325,-7.995494444,381,20,26.75586967,4.078570592,8.991940191,93.7656302,2.508011342,92.23027013,2.042447051,-9.412,7.474,10.736,-20.752,BSh,B
1225,isomap_6190000,6.757904652,0.254828303,8.71244892,0.189205711,0.739143242,16.30118939,335,-7.92,-14.42,15,20,5.061378845,0.796406179,3.892288184,11.38956638,1.354056609,11.47244066,1.332430529,-2.647477902,2.732725989,11.91140878,-2.90182807,N,N
1226,isomap_6190100,10.93172924,2.007112122,17.60635984,2.754288452,0.101679806,18.06805921,71,-15.97,-5.7,604,20,3.415868427,0.486297584,4.018874,35.41527591,2.034020423,41.04253327,2.054486037,-2.218,-0.34,19.084,7.56,N,N
1227,isomap_6190201,6.474411628,0.502226637,10.47727415,0.36675969,0.776936666,12.52771646,63,-7.944444444,-14.37277778,400,20,4.821566516,0.776878451,3.452242215,11.38956638,1.354056609,11.61718261,1.394684405,-1.32747792,1.763580764,13.02110948,5.481054772,N,N
1228,isomap_6193100,7.00462735,0.289339613,7.134722749,0.964841937,0.168273711,44.47191785,93,0.38,6.72,8,20,14.53426521,2.125752285,6.54022576,119.3520493,1.166397174,101.6528411,0.903207952,-6.73,1.556,13.32,3.992,As,A
1229,isomap_6196700,7.66038002,0.151182252,7.760000986,0.643295964,0.099212381,30.0366128,274,-7.315277778,72.42805556,1,20,15.41907647,2.054900644,5.195193402,71.78178548,0.868091862,79.08529694,0.918422554,-9.004,1.208,7.492,-4.084,N,N
1230,isomap_6198001,9.264692816,0.320823862,14.51992484,0.935301028,0.182225603,31.37516768,111,-20.901,55.484,70,20,16.21708504,1.811716864,5.672562285,153.4326643,2.201109543,152.4458073,2.1622471,-6.344,1.122,9.436,15.332,N,N
1242,isomap_6230100,6.437077383,0.194054771,7.688814745,0.784456173,0.124566739,31.10890753,110,31.62,25.95,24,20,14.47804607,2.275929264,6.252200298,33.13208142,5.515486023,37.14913539,3.383851014,-6.906,3.252,15.348,-2.526,BWh,B
1245,isomap_6231800,6.822610417,0.357412893,10.64020228,1.371374065,0.105071819,42.28073351,77,31.18333333,29.95,7,20,12.11420051,1.828488579,6.380923966,31.31188605,5.611950669,36.61066199,3.462458576,-6.702,0.468,20.496,6.686,BWh,B
1258,isomap_6345000,7.469205021,0.11967788,11.96468623,0.300555931,0.45195422,37.460446,341,9,38.73,2360,20,18.67017623,2.540394312,5.904023918,101.4274929,1.395107158,102.3985909,1.230270148,-7.464,6.546,11.924,-9.36,Cwb,C
1279,isomap_6368200,6.651982362,0.202310957,9.062854478,0.595905371,0.355439261,25.09005026,53,0.453055556,33.195,1181,20,18.88347659,2.857212056,5.990270395,72.17760782,0.878620054,72.19777586,0.82675966,-4.72,5.246,10.792,-4.02,Af,A
1280,isomap_6370500,7.71680482,0.16302796,11.77037459,0.464375938,0.236325659,27.89542117,209,0.05,32.45,1155,20,15.96505557,2.107247979,4.992321616,67.16005182,0.885934066,65.74925267,0.964512859,-8.352,3.268,12.016,-2.074,Am,A
1288,isomap_6389400,7.933849435,0.303699554,8.7520595,0.784457103,0.213430659,32.08650309,117,-6.88,39.2,55,20,12.91675415,1.685427861,5.299044515,79.25606879,1.493091265,79.41097628,1.394154062,-6.454,1.512,11.932,3.604,Aw,A
1290,isomap_6422000,8.183409111,0.30763824,14.10051355,1.364037953,0.096178525,26.71780468,59,-4.37,15.25,438,20,17.21773436,2.14207558,4.808166471,93.47540071,1.325309787,75.97967431,0.93808314,-8.08,-0.28,14.92,12.98,Aw,A
1291,isomap_6465001,7.641862203,0.217870199,11.3588179,0.620031745,0.350698242,24.79692606,61,4.377083333,18.56247222,363,20,20.46666682,2.703715751,4.717257697,78.62267809,0.987565897,76.53342995,0.898976698,-5.720830629,3.626301088,11.67402928,1.545509179,Aw,A
1292,isomap_6465002,7.829408857,0.258089681,12.99484989,0.763867025,0.289248731,26.25168308,53,4.365694444,18.58725,386,20,19.87975793,2.568400571,4.760982425,78.62267809,0.987565897,74.7923879,0.943279209,-5.709060384,3.11993361,13.39533529,6.698716622,Aw,A
1293,isomap_6470000,6.522025019,0.171336686,4.524703165,0.763494686,0.232500045,57.61643169,73,12.13,15.03,294,20,27.88478507,4.302411134,9.438461093,63.90688857,3.13888316,71.92765196,2.257412775,-8.134,7.766,16.192,-13.708,BSh,B
1295,isomap_6491001,7.744548208,0.254367585,10.21157701,0.758141213,0.155264378,16.069828,84,4.036666667,9.734166667,18,20,12.32281804,1.619650334,3.757997903,217.7957323,1.04171503,310.4020424,0.948447218,-5.912,0.243503538,11.904,4.146988282,Am,A
1297,isomap_6534403,7.364104132,0.200492405,9.877891749,0.680119775,0.123105041,10.03155183,75,6.417169444,2.329255556,14,20,11.98911319,1.644130701,3.121469059,92.21880075,1.33012017,79.41232821,1.358387265,-5.6126826,0.654884721,12.91594264,6.128235032,Aw,A
1303,isomap_6621500,8.234017871,0.242229073,12.95204061,1.119299205,0.102445191,22.03056501,61,-9.55,16.37,1139,20,19.71552686,2.42232486,4.39021822,90.84245666,1.101010186,87.83759521,0.578333299,-7.45,0.526,10.86,7.932,Aw,A
1306,isomap_6708500,8.255694431,0.169124109,15.18966784,1.089676056,0.080777846,28.50760748,74,-18.9,47.53,1300,20,29.2746231,3.570667656,5.049903246,138.5332711,2.281230427,135.6340922,2.304283943,-14.374,-0.588,11.99,7.424,Cwb,C
1309,isomap_6756100,7.777482464,0.111182913,9.827817297,0.67183736,0.075349245,18.31013204,145,-13,28.65,1331,20,23.01232722,2.976687222,4.062143488,119.594612,2.628797469,115.3334809,1.310910148,-13.676,0.952,12.928,5.274,Cwa,C
1310,isomap_6777400,7.572847263,0.126347941,11.00176815,0.660070168,0.120015133,42.62836276,188,-17.83,31.02,1471,20,25.96102186,3.462693844,6.296538127,88.49807485,2.992048283,89.61433262,2.321828171,-13.304,3.902,10.752,-6.396,Cwa,C
1311,isomap_6811000,7.4436578,0.194853185,8.836635888,0.941119184,0.165584131,64.93912229,92,-22.94805556,17.1525,1685,20,28.86547514,3.922554472,7.816971717,43.80468984,4.063967528,49.22240307,2.91092134,-12.076,4.14,11.568,-1.9,BSh,B
1313,isomap_6826200,7.342606986,0.233800262,10.11567606,0.844675086,0.169463031,65.69043692,168,-25.73,28.18,1330,20,17.59204751,2.467451371,7.753635859,56.94514182,4.117209882,57.00993067,3.62622954,-9.278,2.79,15.224,-0.7,Cwa,C
1314,isomap_6881600,5.330216084,0.167311834,4.989977443,0.544647066,0.185435069,56.42733861,236,-33.97,18.6,44,20,11.66875157,2.204451763,8.969078532,43.00631404,3.730204211,42.02243832,3.681729486,-6.328,5.986930061,18.718,-27.26036463,Csa,C
1315,isomap_6881601,6.343870977,0.275028167,7.719835583,0.867823536,0.149302469,50.08186752,151,-33.95833333,18.46111111,105,20,10.94845605,1.779224752,7.163037393,52.79767897,3.067161653,54.35263191,3.053712376,-6.34,2.496,17.72,-9.368,Csb,C
1316,isomap_6890600,7.181115856,0.237270343,6.415713003,0.937598937,0.060662582,17.69961594,193,-40.35,-9.88,54,20,8.108692667,1.168444188,4.048139539,87.97877346,2.254873665,84.5378961,2.291091407,-6.938,-1.199615651,13.23,3.993267957,N,N
1317,isomap_6899400,7.198840596,0.320137769,4.447916949,1.490147965,0.05602199,51.73719636,200,-46.88,37.87,26,20,10.23016232,1.511471288,6.835420395,54.93981403,1.734354293,54.19531171,1.843146173,-7.746,1.052,10.248,-16.614,N,N
1319,isomap_7021900,6.078921116,0.219985456,-22.53092058,2.883444181,0.021544386,56.75810475,48,60.78,-161.8,41,20,23.76718375,3.932203227,10.1718359,28.8107964,10.35396256,27.49115562,10.44858438,-20.1,-5.96,15.04,-18.52,Dfc,D
1320,isomap_7045400,7.682004745,0.410716185,4.094445342,3.726213379,0.020312343,39.77337899,60,51.88,-176.65,4,20,14.06022868,1.889840793,5.877122227,43.42667767,3.936396206,56.07085471,3.564131208,-12.586,-5.34,12.568,5.12,Cfc,C
1321,isomap_7107200,7.45170827,0.177545282,-5.622801312,4.908200006,0.007768568,84.47583847,58,76.23333333,-119.2833333,15,20,45.52340518,6.145708498,9.148768466,8.228440214,14.01093164,7.064455609,14.20573534,-36.432,-16.38,13.216,-2.62,ET,E
1322,isomap_7108100,7.90487796,0.141542484,7.226545164,3.82123377,0.010507391,77.59008508,55,68.78666667,-81.25,8,20,62.08758729,7.882838961,8.191430636,15.65208808,13.47102971,14.16234066,14.47183956,-39.106,-14.858,5.208,6.204,ET,E
1324,isomap_7108200,7.69813782,0.12474502,4.073151542,3.913638207,0.006074366,40.23628782,58,82.5,-62.33333333,62,20,47.21267392,6.151282302,6.163432119,8.933769437,13.3931606,8.17566223,13.40130673,-40.814,-20.836,20.752,6.968,ET,E
1325,isomap_7116301,7.686096385,0.07777696,-0.575195519,1.868793692,0.007748001,16.28275287,106,63.52,-116,241,20,35.53112295,4.632734572,4.039463393,13.52046051,15.87899756,14.60140167,14.07291037,-33.868,-16.382,9.404,3.216,Dsc,D
1328,isomap_7129600,7.402932037,0.116280228,4.880710233,1.382106792,0.026631582,14.35279545,54,44.23,-79.77,251,20,29.33950739,3.972698961,4.228220041,26.54773894,9.976881565,24.98234178,9.125337871,-17.744,-4.8,15.412,5.8,Dfb,D
1329,isomap_7129901,7.74275823,0.056303781,6.847433603,0.895820654,0.021016783,17.98195219,158,49.38,-82.12,245,20,42.77461417,5.533826028,4.220902959,32.18459979,12.48748136,32.82652578,12.33481638,-26.67,-6.494,13.06,7.532,Dfb,D
1330,isomap_7139800,7.413816978,0.19873995,4.593533121,1.944363598,0.030219521,42.78251132,91,45.37,-63.27,40,20,22.94410681,3.131411276,6.361219398,42.77798738,8.861562953,46.42152784,8.684801688,-17.92,-5.264,17.76,7.912,Dfb,D
1331,isomap_7140801,7.845614758,0.10187584,10.03364018,0.982829012,0.027889336,14.36307694,155,47.98,-55.82,22.9,20,21.83350546,2.797977792,3.577904593,46.10653153,7.751807769,45.83231077,7.665023757,-16.966,-4.996,12.308,11.188,Dfb,D
1332,isomap_7152700,7.96771561,0.157847227,11.08654208,1.71894293,0.033291971,37.89246071,78,42.85,-80.27,240,20,33.13416645,4.185373392,5.733884457,30.64978356,9.392817667,36.91385513,9.689849934,-20.66,-4.24,11.88,8.32,Dfb,D
1333,isomap_7156900,7.99511235,0.082483015,7.147188373,1.467781729,0.016830429,17.51188735,75,50.12,-104.42,580,20,44.18077241,5.535355014,3.89495725,27.92663462,12.55329664,25.60864099,12.20255617,-27.744,-9.022,12.052,7.396,Dfb,D
1334,isomap_7162800,7.720658926,0.058654328,8.473717605,0.703879893,0.027754457,32.75725572,457,45.32,-75.67,114,20,32.45298954,4.225858181,5.513107573,30.49842156,11.08011714,30.389874,10.97326654,-22.662,-4.086,11.916,-2.172,Dfb,D
1335,isomap_7170201,7.717130598,0.083292753,7.984239838,0.918164755,0.026729775,15.54134689,160,46.29,-64.15,39.6,20,26.57355604,3.456355285,3.821322233,36.10317828,9.450673951,33.78288716,9.330405743,-20.396,-5.194,13.068,5.332,Dfb,D
1336,isomap_7172000,7.834693896,0.110131053,11.0517481,1.492990495,0.023693318,23.29382709,80,46.05,-74.28,395,20,35.7010132,4.571531301,4.558299436,37.86615351,11.00952662,37.41962885,11.30472016,-22.52,-6.58,13.16,9.84,Dfb,D
1337,isomap_7174800,7.888204077,0.089189779,8.283567437,1.481733968,0.023440804,30.49232193,75,48.75,-91.62,393,20,52.68797469,6.692614655,5.19332114,39.67465633,12.1033134,39.69521368,12.79665495,-28.208,-6.56,9.704,4.48,Dfb,D
1338,isomap_7179900,7.835008859,0.389404605,1.708438653,3.692108632,0.018946791,41.86065461,70,48.65,-123.43,20,20,14.56280557,1.922424065,6.023372843,133.8628936,5.429686279,123.8222711,5.146607662,-12.92,-6.22,9.36,0.16,Csb,C
1339,isomap_7181600,7.7059712,0.082641762,6.024644504,1.299660731,0.014916435,25.21231309,209,53.32,-60.42,46,20,29.78089993,3.883311377,4.848333228,34.44283148,11.20546892,33.84428919,10.86776817,-27.338,-9.272,12.064,7.196,Dfc,D
1340,isomap_7182400,7.849401319,0.053400174,9.833274047,0.848520149,0.018748713,12.95253223,162,49.82,-74.97,381.1,20,38.69369554,4.937213159,3.454761356,37.02270864,12.33277658,38.77384134,12.00202921,-28.078,-7.394,14.804,9.152,Dfc,D
1341,isomap_7185001,7.88087613,0.052051178,8.436099897,0.836588511,0.02224075,17.29136944,157,49.67,-93.72,420,20,46.90917041,5.960839717,3.961699039,37.38987875,12.76477692,40.4765487,12.22166135,-28.068,-6.064,13.944,8.572,Dfb,D
1342,isomap_7185600,7.690252782,0.082298075,3.684583098,1.483965668,0.019848675,25.70003,72,50.62,-96.98,223,20,51.22806479,6.67224405,5.146351189,35.22024124,13.11249555,35.69829963,13.54751927,-29.22,-7.78,14.56,6.64,Dfb,D
1343,isomap_7186500,7.733520203,0.130998621,1.632121355,2.503562084,0.016366095,55.56605075,72,51.77,-104.2,561,20,47.80181687,6.206499653,7.125804243,28.53225965,12.65987568,28.99417984,12.95018242,-30.42,-8.54,10.56,1.72,Dfb,D
1344,isomap_7186601,7.872854588,0.123075335,0.381189437,2.158932792,0.016588927,79.64289973,163,52.141,-106.6244,502,20,41.76963485,5.349566063,8.394180469,25.32624807,12.70031877,24.3442304,12.42198868,-29.034,-7.738,4.104,-11.926,Dfb,D
1345,isomap_7186700,7.630792498,0.102369855,0.807660142,2.028782738,0.014251701,29.52154808,70,53.97,-101.1,272,20,44.1872546,5.804768624,5.484312321,29.38069371,13.59438706,27.80726216,13.31809409,-30.5,-11.06,10.8,1.68,Dfc,D
1346,isomap_7187701,7.996138018,0.161704471,5.304578693,3.334428443,0.011623901,89.28496168,116,51.01666667,-114.0166667,1049,20,40.9883533,5.177878891,8.837077579,32.78786898,8.96777283,33.50159375,8.771161582,-30.04,-11.734,9.04,4.066,Dfc,D
1347,isomap_7187900,7.762623074,0.152584524,0.965664797,3.055448478,0.014178756,48.08395197,51,53.57,-113.52,671,20,45.64843413,5.903480359,6.561571276,34.25830235,10.76579504,31.80675928,11.31340293,-30.24,-11.54,5.58,-0.18,Dfb,D
1348,isomap_7191300,7.670611354,0.174909528,2.508227035,3.68860917,0.013356839,76.78713888,56,58.75,-94.06,5,20,47.07905555,6.172177903,8.363769221,25.66629072,14.06283966,24.6607577,14.4897071,-30.456,-11.466,13.388,1.268,Dfc,D
1349,isomap_7191400,7.659668216,0.121718925,3.27069099,1.276858655,0.018837382,12.36753753,141,48.78,-123.13,178,20,17.07462803,2.244796846,3.379420797,133.8628936,5.429686279,133.7669281,5.080984006,-14.62,-5.492,9.14,5.876,Csb,C
1350,isomap_7191700,7.595305368,0.183651702,-4.204332688,5.75361104,0.007072937,113.3549394,55,80,-85.56,10,20,54.06560282,7.161630614,10.26830753,8.383688091,16.13442997,9.931900539,16.7147243,-41.228,-18.172,14.344,-2.704,ET,E
1351,isomap_7192400,7.985878067,0.168838313,9.329486318,4.825778411,0.00805768,86.39518021,59,74.72,-94.98,67,20,53.98241364,6.797163978,8.619411509,12.5969871,13.7093386,10.81928403,14.03905166,-38.84,-17.45,11.84,2.64,ET,E
1352,isomap_7192500,7.708632464,0.097868599,2.086695712,2.587837101,0.008150641,22.61135555,58,69.1,-105.1166667,27,20,45.20455345,5.874917737,4.726700337,10.70832203,15.07481779,8.137355564,15.15451127,-34.376,-16.064,11.928,3.092,ET,E
1354,isomap_7193401,6.916361273,0.211738115,-17.09048522,4.700774895,0.009815995,89.33330061,58,62.28,-114.27,205,20,34.70428913,5.05857074,10.28594428,18.16126134,15.11327237,18.71233447,14.81331606,-29.774,-12.204,16.952,-10.948,Dfc,D
1356,isomap_7196400,6.644616865,0.186992151,-24.32012195,4.108227026,0.008766028,88.36302719,91,60.72,-135.07,702,20,29.25172557,4.444685324,10.56495324,14.72219336,11.02631239,16.5831605,11.08174015,-28.3,-11.58,14.7,-18.36,Dsc,D
1358,isomap_7222071,7.485498151,0.14844466,-0.498191969,2.183144832,0.02488588,47.56306816,56,40.008,-105.2682583,1660,20,41.87705296,5.617072009,7.003541012,25.78629349,8.228362906,27.63062711,8.2968515,-22.014,-2.22,5.758,-10.48,Dfb,D
1360,isomap_7225600,6.945225337,0.224144351,6.193039549,1.023482924,0.115129243,44.23658618,96,31.62,-97.22,156,20,18.10257617,2.646192553,6.771893302,47.11846042,7.942550545,47.49847858,7.962420492,-9.124,1.76,14.292,-2.76,Cfa,C
1361,isomap_7227401,7.327909501,0.119108053,3.855316966,0.928307137,0.050508383,49.49999676,256,32.2361,-110.9439,753,20,24.08069094,3.325855901,6.963142323,31.91186694,7.19335284,33.65612533,7.317879064,-16.46766117,0.060704359,9.59912378,-6.139420592,BSh,B
1362,isomap_7230400,6.919507023,0.317084467,7.389843841,1.321999311,0.081736601,33.71504225,93,35.27,-75.55,3,20,11.34236006,1.686573704,5.683000491,51.09074693,7.067296443,44.91287647,6.781261804,-7.542,-0.244,14.796,-1.348,Cfa,C
1363,isomap_7237500,6.562327874,0.223481847,-10.46465737,2.078989251,0.051799023,155.8700096,97,35.13,-111.67,2137,20,30.93673384,4.78172121,13.41520539,39.43007386,7.298839864,38.78728593,7.751709783,-16.496,3.17,14.288,-27.92,Csb,C
1364,isomap_7239400,6.659342413,0.360633652,2.012365758,1.721822477,0.100202657,69.5276337,60,34.9,-120.45,79,20,16.73520906,2.57070481,8.395607158,54.22567588,2.925373325,60.24131188,2.782826352,-8.5,1.234,9.78,-9.072,Csb,C
1365,isomap_7252101,7.655434853,0.161376833,9.942619845,1.365994232,0.044127154,22.61182199,64,40.37,-81.8,344,20,25.81418157,3.39057923,4.564477386,38.71939833,8.988441917,36.43106763,9.189285205,-15.136,-3.148,14.488,8.564,Cfa,C
1366,isomap_7253400,7.192277016,0.117841317,1.61392247,1.019536745,0.061190853,69.38300261,169,41.78,-87.75,189,20,34.33707787,4.811117914,8.699086865,43.06132516,10.0918506,40.49073778,10.21884993,-19.648,0.548,11.284,-10.144,Dfa,D
1370,isomap_7420500,7.387180504,0.344210807,1.601381071,2.520561221,0.035300724,30.69960503,48,47.67,-124.48,21,20,15.38529677,2.120623271,5.269008034,205.5960045,3.717680412,186.6022033,3.488791017,-10.672,-3.32,11.036,2.46,Cfb,C
1371,isomap_7500001,7.737537661,0.504412232,7.818435768,1.696696266,0.117830792,37.65570417,53,35,-48,0,20,12.02310106,1.620349193,5.692521059,0.026736005,0,4.16E-17,,-6.346,-0.304,11.148,0.372,N,N
1372,isomap_7622500,7.457022718,0.171076549,4.89922619,1.263741275,0.057927149,51.45613216,125,28.63,-106.07,1423,20,25.18681313,3.418601263,6.954095677,46.48184062,5.84064336,53.48485284,5.330667626,-13.424,-0.342,15.732,0.256,BSk,B
1373,isomap_7669200,7.560031107,0.20507804,8.269525802,0.798159258,0.183042652,57.4888711,136,19.2,-96.13,16,20,21.82305429,2.941306731,7.209543386,118.2397638,2.40781458,115.2515321,2.288773417,-9.906,4.158,14.388,-4.444,Aw,A
1384,isomap_7837401,7.970765876,0.196248872,9.192063241,0.528792913,0.195140221,15.88153396,140,23.05,-82.21666667,137,20,12.91432314,1.649249349,3.732938808,79.30463567,2.542952076,86.31108196,2.558859822,-7.041033593,0.780591635,10.78713567,7.066913485,Am,A
1385,isomap_7848601,8.85449777,0.245693126,12.8949401,0.758551229,0.167140756,16.48898359,88,18.47,-70.02,60,20,15.89388859,1.825324447,4.081273248,73.51932563,1.189556675,64.08089634,1.127563562,-7.245,-0.235,9.696,10.82,Aw,A
1390,isomap_7866300,8.162292283,0.186945974,10.9397463,1.277498823,0.046206122,15.4370456,73,13.7,-89.12,615,20,19.24511855,2.377613125,3.675258006,148.1856136,1.002117156,140.5529737,0.825465023,-11.05,-1.962,12.56,11.396,Aw,A
1392,isomap_7870802,8.944849932,0.175332851,17.33680241,0.847302348,0.106774051,12.04618644,57,14.93894444,-88.02145,652,20,24.04767502,2.703259443,4.094508473,149.7256175,1.490320042,178.2405189,1.304569795,-8.840342524,-0.524,10.91318041,15.758,Am,A
1418,isomap_7880600,7.536599861,0.08787042,6.049375822,0.452162516,0.111164635,18.60936044,203,8.92,-79.6,13,20,23.51698097,3.136854866,4.297971079,106.9668139,0.860616625,97.99190659,0.880193745,-12.056,2.492,10.528,-3.856,Am,A
1420,isomap_7895400,7.428784186,0.178192893,7.677626385,0.370538998,0.384118687,25.53358577,211,13.07176111,-59.48972222,50,20,13.06222584,1.797233043,4.845705113,106.1320987,0.781968729,92.65241058,0.807209635,-5.62,4.316,10.34,-7.148,N,N
1421,isomap_8002800,7.40659224,0.152487814,3.897475677,0.796844522,0.091471153,18.87636497,89,10.88,-74.78,14,20,20.02577559,2.722282209,4.355107292,84.36033003,0.626931947,66.05182566,0.573293589,-10.99,1.072,7.84,-4.316,Aw,A
1423,isomap_8004401,7.735962486,0.100193197,6.967584676,0.589422289,0.079994326,12.42089993,119,9.357072,-75.289167,198,20,22.99653529,2.984614528,3.388408261,71.67627387,0.735735915,77.19728539,0.690855401,-11.90425835,0.63313727,7.665339642,2.601471199,Aw,A
1438,isomap_8022200,8.265633455,0.112874565,12.27102735,1.137866796,0.040781712,70.30626268,272,4.7,-74.13,2547,20,36.03005463,4.409485552,7.964622183,52.76029393,0.555705073,55.93730315,0.511683923,-20.33634101,-0.456,9.73983808,2.288,Cfb,C
1454,isomap_8041300,6.427638123,0.520468807,-1.707477184,2.137007804,0.126136513,105.6398632,48,10.25,-67.65,442,20,15.23599411,2.453237789,10.12309426,74.63541374,0.823985668,72.82434456,0.701931964,-7.216,1.114,7.368,-12.272,Aw,A
1455,isomap_8140500,6.346255454,0.377362774,5.372940992,0.938646663,0.173574065,21.47921585,60,4.83,-52.37,8,20,8.250904833,1.330059011,4.769643488,192.5074173,0.614434195,154.0731602,0.498486627,-4.382,0.246,13.176,3.472,Af,A
1467,isomap_8210201,8.037207898,0.302296205,10.81178757,1.427596135,0.106691699,41.96220541,62,-0.121944444,-67.14916667,74,20,20.77218985,2.632216556,6.012543254,88.40781823,0.705733915,73.55463573,0.580250731,-9.88,0.08,9.04,2.76,Af,A
1468,isomap_8210600,8.288014245,0.195655679,10.85464433,0.856160233,0.116163539,21.30656816,89,-0.13,-67.08,87,20,20.09636788,2.45191558,4.360979194,88.40781823,0.705733915,70.23864334,0.64877496,-9.868,-0.15,8.844,9.52,Af,A
1469,isomap_8219100,7.616365691,0.162582856,7.922248774,0.511932092,0.230466789,37.65327701,207,-1.43,-48.48,24,20,18.28034287,2.443938279,5.831957695,183.2229645,0.752614767,151.3138685,0.586496808,-10.239,3.074,12.502,-5.672,Af,A
1472,isomap_8233100,8.333893194,0.120528149,13.7529322,0.584893762,0.102346523,16.32058164,156,-3.12,-60.02,72,20,21.76026275,2.630726439,3.88493551,115.4898427,0.867353677,104.962171,0.71524065,-11.104,-0.178,9.872,10.464,Af,A
1474,isomap_8239700,8.256733058,0.280597395,10.34622688,0.692300338,0.234759971,21.17479588,96,-3.72,-38.55,27,20,13.39171074,1.661894597,4.315247434,120.0105593,0.856775559,138.8511067,1.025431803,-6.634,0.002,7.972,4.524,As,A
1477,isomap_8259800,8.508848857,0.373155282,10.40850217,0.736782704,0.268295155,25.12332269,113,-5.8,-35.2,8,20,10.68550339,1.318560587,4.727621788,100.5618667,1.033704955,109.8377431,1.059300528,-4.934,0.466,10.032,4.592,As,A
1485,isomap_8282500,7.940558367,0.15015966,9.734470622,0.942742149,0.090933584,25.97920298,72,-8.77,-63.92,105,20,29.8368573,3.777753503,4.746446421,127.6515767,0.940473002,120.1659015,1.047848258,-12.548,1.088,12.604,5.356,Am,A
1487,isomap_8322900,8.976337063,0.371616361,12.18198414,0.699613096,0.265577046,19.25117774,112,-13,-38.52,45,20,10.34398533,1.207614645,4.247071125,83.27600446,1.460077887,71.53233176,1.393571265,-5.52,0.112,9.86,4.924,Af,A
1488,isomap_8336101,7.790788216,0.121158803,8.907286058,0.678573586,0.112102327,42.8658094,187,-15.6,-56.1,165,20,28.55404243,3.698970247,6.190544988,94.12389874,1.615150271,83.56895359,1.315845362,-13.432,3.282,12.536,3.404,Aw,A
1489,isomap_8337800,7.963675661,0.152122689,11.27134786,0.771446832,0.110007833,27.2328102,115,-15.85,-47.93,1061,20,23.99425316,3.03973899,4.881343352,118.8273237,1.408298694,109.2815603,0.981018372,-12.072,1.852,11.996,5.264,Aw,A
1490,isomap_8358301,8.077949525,0.097377068,12.94322307,0.605337268,0.076769949,5.584594852,53,-19.87086111,-43.96733333,857,20,25.58922928,3.1730157,2.200813429,131.498806,2.001954298,149.5660309,1.485982873,-11.77621847,-0.708320434,11.89665145,11.90123368,Aw,A
1492,isomap_8374300,8.636646934,0.249147632,14.78927329,1.030542372,0.095184517,27.70278264,132,-22.9,-43.17,26,20,15.90194318,1.889829213,5.061520556,72.26573724,2.214449312,85.88820942,2.256810959,-8.826,-0.038,11.568,6.624,Am,A
1494,isomap_8396700,8.220002093,0.195861292,13.2162554,1.006976685,0.065448317,26.55737872,172,-30.08,-51.18,7,20,15.92233474,1.979245356,4.851613761,57.15860894,3.85426719,53.53410785,3.754796614,-9.894,-0.98,11.072,8.38,Cfa,C
1495,isomap_8400101,8.158933068,0.270026001,10.19217812,0.59089921,0.191458658,14.36902349,143,-0.694444444,-90.325,194,20,9.217891428,1.168286241,3.555345169,109.5026388,1.977626515,107.8936327,2.114739856,-6.086,0.112,11.298,3.618,N,N
1497,isomap_8404400,8.138176861,0.069380925,12.50675582,0.803785913,0.026235613,16.7620778,230,-0.37,-78.55,3058,20,30.26394655,3.732644047,3.879609587,97.7661985,0.595006726,109.8658227,0.65682476,-21.57,-4.646,11.01,9.648,Cfb,C
1501,isomap_8407301,8.124922255,0.068866424,11.5336551,0.80248135,0.026034751,11.60121471,160,-0.166666667,-78.48333333,2789,20,30.32104962,3.741381235,3.226867968,64.97088015,0.571557042,80.62397142,0.546376925,-19.53334717,-4.738491748,9.324610764,7.522758599,Cfb,C
1517,isomap_8437701,8.611777539,0.157237027,14.30336736,1.070809512,0.067254937,14.85987007,54,-3.823991667,-73.377425,98,20,28.62608354,3.338299574,4.105227761,119.2262029,0.634059939,159.1143961,0.474926862,-12.69815107,-1.344,9.475106396,15.006,Af,A
1522,isomap_8457001,8.259928742,0.106543892,18.46060365,1.538895917,0.02273843,18.16117372,61,-11.40438889,-76.32505556,4477,20,40.85803585,4.957772737,4.157197803,114.8875567,0.928902644,162.6646232,0.824715662,-21.214,-4.65,13.208,16.496,ET,E
1545,isomap_8520101,8.258251576,0.087300419,15.17059824,1.135795738,0.02849024,26.05611255,126,-16.49888889,-68.12305556,3635,20,41.54920385,5.047350465,4.950134262,46.91162894,1.713488163,47.78442336,1.716624123,-22.232,-1.738,11.266,12.594,ET,E
1564,isomap_8546900,7.13526431,0.171642565,6.867796744,0.493689334,0.254125474,53.26271978,281,-27.17,-109.43,41,20,15.90628522,2.288813487,7.112526384,65.73365357,2.069628302,66.59703,2.067150707,-8.604,3.4,6.092,-7.28,N,N
1566,isomap_8557700,8.636624537,0.237106174,15.27722374,1.857235649,0.040643965,39.66747619,97,-33.45,-70.7,520,20,23.29811754,2.745050526,6.121494972,52.7425299,4.265430789,55.73431465,2.880365162,-13.1,-2.77,10.08,17.26,Csb,C
1571,isomap_8580100,7.015491335,0.118146462,2.675854726,0.759696065,0.051298273,26.03208057,257,-41.47,-72.93,13,20,16.34751748,2.357313196,5.303197176,85.51976241,3.222265381,82.90699883,3.215415576,-12.204,1.476,14.332,-7.148,Cfb,C
1573,isomap_8586400,7.262314932,0.177993292,-2.71635735,2.002733328,0.020736066,37.26292908,117,-45.35,-72.07,310,20,20.37450992,2.839635759,6.065123847,63.80261606,3.873992435,59.33247292,3.687512973,-16.894,-5.006,8.332,-2.952,Cfc,C
1574,isomap_8593400,6.399950761,0.117468137,-13.94349695,1.135279084,0.035599164,62.75968748,241,-53,-70.51,37,20,22.71038517,3.582524931,9.308971376,20.76046819,2.755065324,20.97045787,2.673632042,-17.908,2.678,7.144,-43.004,ET,E
1580,isomap_8704700,7.738917972,0.220904939,11.30220385,1.215540218,0.103091377,44.93529094,72,-24.78,-65.4,1187,20,25.56255928,3.341420456,6.293867655,68.12933622,4.020302178,74.43137776,3.969886784,-10.68,3.1,13.64,3,Cwa,C
1588,isomap_8734501,7.341269542,0.363874488,7.305967398,2.195924865,0.052666059,36.03491663,48,-30.58,-64.58,900,20,15.61470494,2.170060443,5.712120094,43.43300134,4.721694687,42.76300243,4.577969925,-10,-2.54,13.2,1.52,Cwa,C
1589,isomap_8737401,8.354207652,0.253821401,14.44444754,1.330627845,0.085776776,21.86615434,49,-31.75,-60.73,16,20,21.43914686,2.592357332,4.414009728,63.88921353,4.77929021,67.32229909,4.626028783,-9.08,-0.04,10.64,8.64,Cfa,C
1590,isomap_8742000,8.124409204,0.380064666,4.241288976,2.431976471,0.076473561,100.2445968,57,-32.88,-68.85,827,20,27.16601946,3.432430024,9.28733819,20.34827705,5.728626225,20.89683795,5.523621902,-12.84,-0.22,6.92,-8.44,BWk,B
1593,isomap_8745301,8.398425875,0.236133871,15.89541984,1.279085951,0.070515025,17.22170411,57,-33.11011944,-64.24918333,435,20,19.13656997,2.302004426,3.950244566,56.11347344,4.976538858,56.86768747,4.492532805,-9.76,-1.04,11.88,12.32,Cwa,C
1594,isomap_8755000,8.478981838,0.319763087,9.425046377,2.017947161,0.068236152,48.7135868,54,-38.47,-62.16,5,20,24.8517338,2.98271886,6.609300769,41.16869608,5.386182383,45.09677977,5.62367287,-11.76,-1.18,2.48,4.02,Cfa,C
1596,isomap_8757601,8.148399066,0.156930119,12.30291257,0.866757246,0.063162692,29.07872938,238,-34.38,-58.28,5,20,17.40793827,2.178028749,5.075502339,57.43466859,4.611899189,58.95751541,4.587108258,-10.48,-0.6,13.78,6.38,Cfa,C
1602,isomap_8776501,7.200605893,0.244954436,-1.2949211,2.818546367,0.020823547,32.17698317,48,-41.15,-71.33,790,20,21.15797065,2.965407475,5.732945723,63.83817461,4.319796192,54.63563463,4.258031151,-16.2,-6.16,9.4,1.28,Csb,C
1605,isomap_8793800,8.188788548,0.334887522,5.760314476,3.729311154,0.012327055,71.17963316,216,-54.78,-68.28,10,20,13.64445594,1.794046654,7.927983775,19.16392332,2.927928179,19.17767466,3.051044979,-15.54,-7.34,3.92,-9.28,ET,E
1606,isomap_8889000,7.815747497,0.241474734,5.186930485,1.967694332,0.022445684,16.64788401,92,-51.7,-57.87,51,20,12.82092214,1.669460821,3.818847375,9.259754616,2.726295323,9.079906772,2.656147086,-11.426,-4.482,9.008,3.236,ET,E
1607,isomap_8902200,7.904092229,0.047901876,3.668177522,1.082138924,0.010411817,41.99688958,532,-75.58333333,-20.56666667,30,20,43.3950139,5.513003319,6.124738792,0.041573971,0,1.39E-17,,-34.904,-8.41,11.25,-4.3,EF,E
1609,isomap_8906200,7.185912084,0.101288499,-11.54490101,1.349728543,0.017812515,29.19034917,196,-67.57,-68.13,5,20,24.01721232,3.364480574,5.746705988,0.045214928,0,1.39E-17,,-20.67550752,-4.228,1.824155992,-18.498,EF,E
1610,isomap_8906300,7.021450557,0.086145188,-10.55422745,0.906778119,0.025481923,47.61005319,527,-65.07944444,-63.9775,20,20,21.2114763,3.059397825,7.121828906,3.235563196,3.492409858,3.087755873,3.46459241,-19.2,-0.75,0.8,-25.32,EF,E
1611,isomap_9000001,6.679642683,0.425052405,3.533861134,1.7953563,0.074207458,48.46577949,81,31,164,0,20,10.34960899,1.615094777,6.767037468,0.032310603,0,1.39E-17,,-7.122,-0.42,12.596,-4.56,N,N
1612,isomap_9106600,7.607066434,0.191877599,8.36204677,0.559822091,0.169749696,31.34987686,260,28.22,-177.37,13,20,12.62515824,1.712058994,5.300115669,119.5408991,2.827186376,146.6631404,2.943791003,-7.01,2.158,8.76,-2.464,N,N
1613,isomap_9121700,7.342348558,0.192745167,7.333657725,0.884915012,0.122939721,37.19664055,103,13.55,144.83,110,20,20.40623769,2.814218786,5.977435958,469.8972478,0.690907409,461.7151558,0.610217132,-8.76,1.74,12.2,-5.54,N,N
1614,isomap_9124500,7.897177599,0.327495204,7.687250996,0.680331765,0.291815776,30.89514319,121,19.28,166.65,3,20,11.48415306,1.515497409,5.202232738,68.56536404,1.305982062,77.47989993,1.289675174,-5.21,1.644,9.1,-1.032,N,N
1615,isomap_9127500,7.588426914,0.351853971,6.986373029,0.803804067,0.248609243,29.56873881,89,16.73,-169.52,2,20,11.39332923,1.554912468,5.107376448,56.96566939,1.151283242,57.85755656,0.961298865,-5.742,0.966,11.656,1.352,N,N
1616,isomap_9128500,7.879569977,0.563792058,10.79121777,1.228130622,0.157482719,27.34457394,84,19.72,-155.07,9,20,7.569104166,1.04027787,4.875348979,118.3779983,1.349791764,120.1897843,1.282122426,-4.31,-0.252,13.4,6.836,Cfb,C
1617,isomap_9133400,7.368667764,0.219124934,6.524944576,1.13439711,0.063790978,15.88347918,72,7.47,151.85,2,20,14.10797804,1.936226443,3.895679458,136.0904701,0.428498056,141.8931999,0.268220987,-8.122,-0.404,13.216,3.332,N,N
1618,isomap_9141300,7.210711703,0.257778323,5.169771376,1.341548515,0.070956241,25.37544143,65,9.49,138.09,23,20,15.40094103,2.165524625,4.965620732,143.3079874,0.485666886,152.188532,0.356790394,-8.186,0.296,10.628,2.632,N,N
1622,isomap_9176200,7.761461189,0.154588753,11.26506968,0.669568771,0.099863155,13.10185364,108,-13.8,-171.78,2,20,16.17433982,2.101901052,3.418885754,157.3975537,0.790416046,155.7886737,0.564745029,-9.266,-0.464,12.888,10.112,N,N
1623,isomap_9184300,8.333305333,0.139458276,11.26378209,0.599861901,0.096444256,10.78073831,132,-21.2,-159.8,6,20,16.61693469,2.011002547,3.144358088,105.9380372,1.645456502,114.6772746,1.676052565,-8.936,-0.212,7.648,7.556,N,N
1624,isomap_9301100,8.419391771,0.073254147,13.32448512,0.457233846,0.087167562,16.39669746,229,-35.07,173.28,76,20,30.13287163,3.593652407,4.08760714,75.70587051,2.86742333,70.63961992,2.846503779,-22.84,-0.784,1.74,6.672,Cfb,C
1625,isomap_933,7.962261439,0.137242891,2.054163582,2.445991356,0.015925187,79.83198457,136,52.2,-106.7,504,38,41.85818824,5.302180697,8.36925897,25.32624807,12.70031877,24.77602369,12.55479177,-28.982,-8.844,3.438,-4.01,Dfb,D
1626,isomap_935,8.359282667,0.240240547,6.006609388,2.341627336,0.027405602,25.99136442,55,51.77,36.17,247,37,23.33436695,2.82009671,4.82549565,27.37748919,10.28367692,28.3433993,10.30104814,-14.02,-4.96,3.9,0.04,Dfb,D
1627,isomap_9384400,8.190890462,0.147769096,10.91546968,1.031196944,0.026047612,12.75581299,270,-46.42,168.32,2,20,11.59896103,1.443853346,3.367482622,35.471466,3.179100222,35.57405569,3.137022669,-10.824,-3.5,8.232,7.94,Cfb,C
1629,isomap_9401400,7.791215072,0.150919158,9.559759451,1.146301213,0.040408821,17.29998326,102,-5.22,145.8,4,20,19.71399297,2.549917257,3.92059837,114.8234023,0.467504372,113.9655837,0.399302533,-12.558,-2.73,15.164,9.12,Af,A
1630,isomap_941,7.937114423,0.0885554,5.028072788,1.331483992,0.019427954,10.48909854,56,54.62,113.13,995,37,36.39796754,4.592440203,3.014116448,42.0485577,14.86914817,49.29183534,15.23529082,-21.62,-7.04,6.38,3.14,Dwc,D
1631,isomap_9412000,7.835507924,0.117805619,10.46843704,0.565144828,0.116643627,29.24435604,222,-12.43,130.87,26,20,22.48499568,2.899407342,5.10025599,136.3198397,2.077583423,142.4967012,1.31809774,-10.716,2.17,9.068,3.92,Aw,A
1632,isomap_9432600,7.164020885,0.154781168,5.571421256,0.845191988,0.152102231,83.50201478,132,-23.8,133.88,546,20,32.26545671,4.550401086,9.332021927,36.66840545,6.166984932,39.76795522,5.847850333,-13.592,6.858,14.096,-15.604,BWh,B
1633,isomap_944,7.706992713,0.254583582,1.126442418,3.460964745,0.011425874,21.57543638,56,52.97,158.75,24,37,17.30702558,2.272292485,4.352212887,44.89899269,7.374942319,50.77689001,7.282324076,-17.18,-9.64,7.26,3.6,Dfc,D
1635,isomap_9457600,7.985171749,0.132375027,13.44156858,0.525398426,0.118302405,28.01699149,332,-27.43,153.08,4,20,16.56884068,2.115349203,4.978537102,86.3948691,3.51907247,85.47503616,3.462480324,-11.154,1.816,15.732,-2.468,Cfa,C
1637,isomap_9460800,5.500888266,0.312816642,5.055942853,1.111170677,0.111527702,41.95611237,91,-31.95,115.97,17,20,9.133880446,1.681762069,7.184787838,55.33059114,3.963558643,66.18924846,3.663115912,-5.434,1.31,17.852,-1.06,Csa,C
1638,isomap_9460801,7.925277003,0.239489646,13.49721616,0.97069787,0.091010888,30.37328434,161,-31.95,115.78,25,20,13.54795096,1.761479623,5.168371164,55.33059114,3.963558643,54.42619704,3.450970698,-8.382,0.696,7.656,2.372,Csa,C
1639,isomap_9467500,7.605748263,0.191851225,9.261696362,0.871300242,0.106654081,28.6768602,112,-34.93,138.58,43,20,18.3169538,2.441279664,5.094036526,29.41003121,4.360597906,29.14525402,4.216345572,-10.742,1.058,11.176,2.256,Csa,C
1642,isomap_9486800,7.520014589,0.125122832,8.761141926,0.624551062,0.07229944,21.30677117,276,-37.82,144.97,28,20,15.13361572,2.041552972,4.442643608,27.8749433,3.978109002,29.14223679,3.906278983,-10.2,1.444,13.22,-3.612,Cfb,C
1644,isomap_9495400,6.587689008,0.132190731,5.072915107,0.526395994,0.108674427,19.03477922,200,-40.68,144.69,90,20,12.78239879,1.960820662,4.905557725,46.90401352,2.593849573,44.40902631,2.442734357,-6.764,3.516,13.172,-8.288,Cfb,C
1676,isomap_9674500,7.756987369,0.112068735,9.513098455,0.623481867,0.057034841,12.77001974,225,-6.18,106.83,8,20,15.24852408,1.984506432,3.389600362,113.2251257,0.63428574,95.15339234,0.548475039,-10.718,-0.424,11.264,3.352,Af,A
1688,isomap_9769800,6.998256466,0.124473587,1.980210032,0.691997149,0.0654648,28.588455,275,-2.53,140.72,3,20,15.66815704,2.269676644,5.490276568,65.07792377,0.41723188,62.30935432,0.363235016,-10.832,0.962,11.376,-8.456,Af,A
1698,isomap_9842901,7.717083113,0.144227286,6.884065304,0.906893977,0.059266195,22.05860594,138,14.64,121.04,42,20,19.71154398,2.578845435,4.456741444,184.8051506,1.202683378,151.3349477,1.01774013,-10.78519309,-0.534,10.80238526,6.104,Am,A
1699,isomap_9844401,8.013133612,0.197625565,12.62664626,1.044688455,0.082497853,14.91186453,54,13.03,123.92,600,20,20.14998128,2.531992633,3.575066778,161.400427,0.932509222,145.2850929,0.955569937,-9.888,-1.332,13.464,11.836,Af,A
