,site,DJF_dex,JJA_dex,DJF_dex_s,JJA_dex_s,DJF_d18O,JJA_d18O,DJF_d18O_s,JJA_d18O_s,koppen,clim
17,Diaz_Museum_MBZA,10.96265811550891,15.390293458458393,6.903215679446029,7.448640436334883,-1.5105441482893198,-4.504997693487417,1.397026296011753,1.1722107364296899,Cfb,C
18,Ehl_196,9.573068455627045,6.169364875391029,2.573492377165962,6.7502607080541175,-17.180947948912358,-9.55078939527525,2.8087534983369937,4.843534379051831,Dfb,D
19,Ehl_83,7.342636223769764,2.236369563817645,6.83359308818762,7.335919187863605,-17.47702175987656,-8.130548178919016,3.7009276568849634,4.63094071451876,Dfb,D
172,JAMSTEC_29231,11.196793655980027,7.253066095758541,2.2383930554094307,2.004943632722976,-24.039476726872685,-10.67614783424773,3.2021654078197037,0.8566062156471009,Dfc,D
173,JAMSTEC_29263,9.312177720581435,6.385885090989874,1.7578760450513458,2.195163042552798,-26.115235951006664,-11.383235403016263,3.1428979409374707,1.093829326763991,Dfc,D
174,JAMSTEC_29698,8.814592453659875,6.153366223926475,2.4557574971277885,1.5231917807996869,-30.227101017670236,-11.224464300587437,3.6431512115035214,1.6887040778749507,Dwc,D
175,JAMSTEC_30554,15.38636609380938,5.875596734850243,19.25338086723208,2.525220316222459,-36.76438863218681,-12.093045243559525,4.197666061441384,1.9238603972949664,Dwc,D
176,JAMSTEC_31004,12.15180355367192,7.0048982930452,6.016182215508987,4.997067373846119,-33.82085136004226,-14.180453428120328,1.5503462829248154,1.7098104053034728,Dfc,D
182,JAMSTEC_96195,7.296660402087997,7.867404738510244,2.274153599608371,2.2373495940087573,-6.216823881879004,-5.116037111817843,2.31751177343198,1.9294895821511882,Af,A
183,JAMSTEC_97014,12.193170872123831,11.467240920848793,0.9275570996352879,0.6435264455792805,-5.480841738131583,-6.669747572136615,1.674377755436939,0.8683408863353457,Af,A
184,JAMSTEC_97180,12.423824239388702,7.863019464687695,1.3201325567686546,4.131217970786325,-7.9210276098101815,-4.555727871138598,1.1703943966626327,1.6862196766667776,Am,A
185,JAMSTEC_97230,12.540823566707557,12.079525129588932,1.5769306670919576,3.0991420299214725,-4.667303619001101,-1.4508171372999799,1.525336892401064,1.0173721674337126,Af,A
186,JAMSTEC_Kotot,11.996264755841155,13.906991782610586,2.1211123422413185,2.1579070163328056,-7.662554816906625,-7.84285772707827,1.8176577160511436,1.4888955985771062,Af,A
187,JAMSTEC_Palau,9.057926846920525,9.778609059723381,2.3608226916010886,1.791594776746309,-3.0806814510555753,-5.633284795464292,0.7905696119275497,0.8535382525374423,N,N
197,LQR3,15.92044918988499,11.640365367469597,2.4578492936708036,1.174728592884027,-1.7060640177414268,-2.9203926889172953,0.39655063309352895,0.8578790455792809,Af,A
199,LQR4,17.690990091407038,13.513161686514229,0.7522359653509968,0.7446072019462214,-2.2903986732230748,-3.675204491149489,0.3994849133275897,0.9548747820995696,Af,A
201,LQR6,16.248353095418317,11.53260629388782,1.9629092177143628,0.8441977425010587,-1.4472212902816368,-2.6578790123662834,0.6316056895054196,0.8888505418859949,Af,A
202,LQS11_LQR5b,14.109058015662733,9.875541314996354,1.8479583055989415,0.937931330015722,-0.9612099151611825,-2.7035937091431124,0.5840658791374271,1.2072165860077824,Af,A
227,MZV_airport,10.975891124171119,11.987291795779175,2.4046941783500597,1.6708970242842482,-7.76084115586026,-8.80929254466036,2.389367496188608,1.8958608255941682,Af,A
308,SAfricaPrec_02,7.564416476073523,14.965560994282257,6.802006465634694,5.355722833551907,-1.4036543901272134,-3.6260401629620014,2.2349570570586828,1.073118201908965,Csb,C
325,SAfricaPrec_19,15.309686631541549,13.971111111111108,3.836227833736032,2.683250286269515,-3.706887827458714,-1.292222222222222,1.5084580397160556,2.363776534736911,Cwa,C
342,SanAgustin_PR,13.863043478260868,7.4963257558129,3.9225833710014966,3.43515932006088,-1.2108695652173909,-1.8660886431814638,1.176789712083271,1.409108320062526,Af,A
701,isomap_1009100,8.943030303030305,7.598857142857147,1.8081373051384297,2.1823627712427016,-10.167272727272724,-7.170857142857143,1.7811798485533576,1.2211502105534326,Cfb,C
704,isomap_1011300,7.844324324324324,7.497948717948721,1.8948543986573343,1.4200454660239836,-7.803513513513512,-6.247435897435899,1.4885113481600232,1.4772162280290588,Cfb,C
707,isomap_1013100,6.516095238095238,6.742761904761903,3.6669503341106835,2.88388345819548,-8.294666666666666,-6.244952380952381,1.9896570973610914,1.2655351766927356,Cfb,C
713,isomap_1018400,9.110967741935484,6.958857142857146,1.9226248100577874,3.436320101028814,-10.613870967741937,-6.609142857142857,1.9915850024692272,1.5808358935857247,Cfb,C
722,isomap_1026100,9.444081632653063,6.379215686274511,2.2728458456820353,2.846895690243406,-10.540204081632654,-6.097647058823529,2.437556898170804,1.490743449522845,Cfb,C
725,isomap_1028000,8.951999999999996,5.743749999999996,1.906938908303055,2.3732174231409955,-10.244000000000002,-6.6125,1.761555373337248,1.7590356022548261,Cfb,C
730,isomap_1032500,8.081176470588229,6.7711764705882365,3.0536770808250457,2.82127814662483,-9.297745098039215,-6.2694117647058825,2.2690284294068155,1.338947364961036,Cfb,C
733,isomap_1034800,2.151047619047621,4.975619047619046,5.545387946205645,3.1092865278095756,-8.419333333333332,-5.901904761904762,2.540423011894885,1.6782105522241157,Cfb,C
738,isomap_1038400,5.132952380952382,5.560190476190481,4.593586610712087,2.6531781412926474,-9.879904761904761,-6.448666666666667,2.743516164215304,1.7310250564424956,Cfb,C
741,isomap_1040600,7.385686274509806,6.081826923076923,2.897483867827641,2.947545512280935,-8.454117647058823,-5.920576923076922,2.1195714295542625,1.355536955007325,Cfb,C
744,isomap_1042700,12.297500000000001,9.70862745098039,2.7914053360269975,1.9237392302266707,-10.239791666666667,-7.365294117647058,1.8595132534968808,1.2229895113480567,Cfb,C
749,isomap_1046000,8.252244897959185,5.65921568627451,2.6598321761590764,2.9481079629692344,-11.227959183673468,-5.93313725490196,2.773496268134217,1.4246726355257873,Cfb,C
750,isomap_1046900,9.24037037037037,7.385925925925926,3.678267488190287,3.877669459734478,-10.96592592592593,-6.7477777777777765,2.3783868782561806,1.6147739971055988,Cfb,C
755,isomap_1049900,8.202083333333338,7.031200000000001,2.3133714198954065,2.9892772638214757,-11.340625000000001,-6.253399999999999,2.152929599261202,1.6045206262307754,Cfb,C
759,isomap_1051500,4.404536082474233,3.2073737373737363,3.546857479608787,4.234500336845494,-9.021546391752578,-4.722020202020202,2.623430248446938,1.7421506387441723,Cfb,C
763,isomap_1054400,11.528888888888888,9.782592592592597,2.410184537783952,2.5428423038339103,-10.946481481481479,-7.722685185185185,1.8889298924380313,1.5008927013253253,Cfb,C
768,isomap_1058200,12.208717948717954,10.110256410256417,2.6919168458669924,2.8154841886086075,-12.521282051282055,-7.041025641025642,2.0474163575003246,1.5325540855002675,Cfb,C
770,isomap_1060900,5.789444444444443,6.299722222222222,4.161320310718111,3.2509914323495024,-8.708518518518517,-5.5767592592592585,2.3279373380005453,1.4858965548360104,Cfb,C
774,isomap_1065500,5.46861111111111,5.609629629629632,3.564177599373599,2.5800322729556013,-10.201944444444447,-5.905,2.7885225938071305,1.4518191015769508,Cfb,C
778,isomap_1068500,5.358064516129032,6.469139784946235,3.3810303379850497,2.414279498440313,-10.892580645161292,-6.62967741935484,2.216583102908282,1.4483631484956467,Cfb,C
781,isomap_1072700,8.151818181818182,6.1602020202020205,2.345088727246655,2.3818420762845625,-9.882424242424241,-5.540303030303032,2.1723878269138357,1.3486397595733,Cfb,C
783,isomap_1073900,4.858592592592596,5.490298507462688,4.8392036631328565,3.1068160359188566,-10.321407407407406,-5.783880597014925,2.5908800629681554,1.5310302406168292,Cfb,C
787,isomap_1077600,2.4152777777777734,5.9750925925925955,3.9368375300048024,2.6238604212010075,-11.630555555555556,-6.67138888888889,2.8637875830772876,1.7212756135071225,Cfb,C
795,isomap_1086,9.952118303108866,3.8297371885659834,2.5453476989432064,3.7571260002216564,-9.403004371836099,-7.66003297883336,1.206185867116513,1.8090176314237212,Csb,C
796,isomap_1086801,7.952380952380947,8.284285714285716,3.1511085045196716,1.9764315400876031,-12.805238095238094,-7.356666666666667,2.2584468304938685,1.6719145949175793,Cfa,C
797,isomap_1087,9.054606101014334,5.703550445246214,2.2266150878989968,1.2903653145696123,-6.98786719422903,-6.098150902488629,1.5190676221468247,1.4072534839776654,Csb,C
799,isomap_1089300,9.63102040816327,8.398039215686273,2.4141151629513593,1.813030200594034,-12.45795918367347,-6.984313725490197,2.6035752338532556,1.5509342597437543,Cfb,C
801,isomap_1090800,9.56181818181819,9.92833333333334,3.4811853210752077,2.762733650249742,-11.14181818181818,-7.656666666666665,2.215432722688805,1.5095381928111506,Cfb,C
802,isomap_1090801,5.312717391304353,6.139782608695653,4.124762470963811,2.7332966948917643,-10.70445652173913,-5.728478260869564,2.1936877646965187,1.4922596920971378,Cfb,C
804,isomap_1092,7.88294597235961,1.0207467784150417,1.4148039799189218,7.700741062431103,-20.65219420011812,-6.315264921216116,6.061284287553536,2.1564281194782216,BSk,B
805,isomap_1092900,5.718333333333326,7.287592592592595,3.2666367629016793,2.521427017462448,-12.537314814814817,-6.7608333333333315,2.427000742602964,1.6249211519332256,Cfb,C
807,isomap_1096200,10.209405940594058,9.918199999999999,2.6214027012919856,2.0579331281652484,-14.166732673267324,-8.1343,2.363497621692126,1.6072095414102043,Cfb,C
808,isomap_1096300,5.842592592592589,8.189999999999998,4.173464980700131,2.279356634374417,-14.337129629629628,-7.329629629629629,2.232211596785974,1.7835871708888025,Dfc,D
809,isomap_1103500,7.341737217489937,5.273272806948719,6.078280130048939,4.603960110366706,-13.123131843033557,-6.713063208352564,3.3908312809919714,1.5869377117228103,Cfb,C
812,isomap_1123101,7.827096774193557,9.503235294117648,4.4060780552941194,2.2561539640154322,-14.86145161290323,-6.931470588235293,3.4006815478068777,1.365209814413243,Dfb,D
813,isomap_1126501,10.113333333333333,12.154000000000003,2.980736672554474,3.06783955831389,-13.640555555555556,-8.182444444444444,2.9547857080077593,1.8945309071178258,Dfb,D
814,isomap_1129001,8.368965517241385,7.406222222222225,4.014065796321947,2.2864579971736885,-13.863218390804597,-6.586333333333333,2.7161828753004786,1.2885913497562624,Dfb,D
815,isomap_1137901,11.068571428571435,5.069411764705888,2.9864045681886466,5.303761673498664,-13.801428571428572,-6.432941176470588,3.2509841524042646,1.6312851833695317,Cfb,C
822,isomap_1160,11.647435881643174,7.956320979393428,5.045855818209786,5.222721671118849,-0.8853916216615744,-1.3141115452583647,0.7566271061659889,0.7273587413210497,Am,A
823,isomap_1160301,12.58427243217392,10.292271698695656,2.0145044153963365,3.0078792470619247,-12.664919267826084,-7.512356648913043,2.269836493825182,1.7698538686627414,Cfb,C
836,isomap_1175,17.026666666666664,19.066666666666666,2.2792445142098203,2.4510097692357107,-4.774166666666667,-8.03,1.0581623877689514,2.0657460315020977,Cfb,C
852,isomap_1187800,8.13645983061538,7.6400789810158765,2.41656162284762,2.848712436270849,-14.956980617538463,-6.674933197190476,3.248452993903818,1.553461356123573,Dfb,D
863,isomap_1195,18.770488888556297,10.867545588078308,4.23799101076468,1.937043349498303,-13.939084655253733,-11.023571270487357,1.1458842123812856,0.7371840368456374,Dfb,D
864,isomap_1196,18.307404400792752,10.726793288429429,2.258061264834238,1.6089852271438716,-14.584583109251641,-10.766657841512021,1.4754160414574615,1.0328102001791846,Dfb,D
865,isomap_1197,17.986352153421542,7.859093340208416,2.3888438238924747,1.9582722957625727,-13.203964819015129,-8.45518388826407,3.200781552023023,0.7716473841281342,Dfb,D
867,isomap_1198,17.25297403619277,9.216593795927475,2.41787078186425,2.2014729403958295,-12.878161542977724,-9.210646340609031,2.9636751484505246,1.0235914701881916,Dfb,D
868,isomap_1199,18.966114648996825,8.939480162796668,3.1125972380486626,1.3601362502413639,-11.047968883053931,-8.47712554347924,2.2340622839065536,0.7418417569048534,Dfb,D
869,isomap_1200,19.49255851061825,5.585768402449023,11.591069004957212,1.8106456868423138,-14.356319202469363,-9.64755333632151,1.708440104492406,0.9657517434561028,Dfb,D
870,isomap_1201,15.598797090516719,7.9849984349635434,3.233935661951728,1.6371976430544488,-14.208683139889612,-9.589619160500193,1.6325627515931274,1.3234952561621287,Dfb,D
871,isomap_1202,11.702641025026884,8.873643477435753,3.847835207967527,1.5864714983798782,-12.886892357707971,-11.734934655922928,1.79432470855809,1.4057545618237526,Dfb,D
872,isomap_1203,19.18847878044546,9.625432981706563,3.5764788709379705,1.176627771740655,-13.624843107224331,-11.093579027233321,1.171449496258512,1.340898564106092,Dfb,D
873,isomap_1204,15.857010618736911,6.381028078684377,3.031346215784059,2.5256854005279816,-12.974312787394293,-9.222686046833097,1.6596603597639081,1.0593664434563144,Dfb,D
874,isomap_1205,14.99392217478816,9.723873345331453,3.0942139746837056,1.3111561203621107,-13.833304671774695,-10.545612741705364,1.503826830095692,1.1993621815996487,Dfb,D
875,isomap_1206,15.183567860443478,8.01952352938094,2.635568504438027,1.785341944200057,-12.901820648734883,-9.492646116567062,1.7872041537524204,1.0556106274281774,Dfb,D
877,isomap_1208,12.168133521642538,9.102084973565336,3.141409218105886,1.4365037123661888,-12.425748038477815,-11.634088784148704,1.430277590180048,1.4622257976581075,Dfb,D
880,isomap_1256500,8.668869565217395,7.519743589743586,2.53416747849737,2.336105482024015,-13.080347826086955,-6.928547008547008,2.8328838986737246,1.3533890761270164,Cfb,C
881,isomap_1312701,7.429999999999998,7.870000000000005,2.919481585362846,3.888792704124533,-11.955454545454545,-6.203043478260872,1.907322557629667,1.600676310277489,Cfb,C
882,isomap_1312702,6.510476190476193,4.844347826086959,7.466365518708351,5.6761521152571985,-12.16,-5.560434782608696,2.872848263110521,1.836777608987307,Cfb,C
887,isomap_1351,0.1603288179322848,-5.423519649901304,8.696891489483066,9.226274731869324,-25.249583509528822,-12.903463858048285,3.512967405573109,2.8237953836108143,Dfc,D
888,isomap_1401500,8.619552238805975,9.11198209178378,4.845783960059467,3.6874671248816036,-11.418507462686568,-6.345213977689188,3.1178940719617403,1.449918872149997,Cfb,C
889,isomap_1410501,9.010526315789473,7.97722222222222,6.27754517364887,2.5953608303097613,-8.640526315789472,-5.450555555555557,2.598413430262906,2.0178136468911716,Cfa,C
905,isomap_1612000,10.274634146341462,6.799722222222224,3.960114618667034,3.645998557102712,-5.868780487804878,-3.5633333333333326,2.2817694194466083,1.631147346706197,Csb,C
907,isomap_1613401,15.352307692307692,13.894545454545463,4.704574130724193,5.074464349047305,-8.912307692307692,-7.007272727272727,2.3105648788059594,1.9942649177036302,Cfb,C
909,isomap_1614001,9.809999999999997,3.4109090909090893,3.849263998913732,6.351757744615344,-9.524166666666668,-5.217272727272726,2.527173844215884,1.1783199975087093,Cfa,C
910,isomap_1615801,10.205555555555556,7.641818181818177,3.7109196557400734,3.9207740844745964,-5.483333333333333,-3.4154545454545455,2.1809248802591377,1.6005247073516162,Csa,C
952,isomap_1668901,11.66247599425,7.53469690509091,7.93834631859864,5.192343108274629,-6.281391942125,-2.545839258818182,1.3291919194464616,1.8104579345937974,Csa,C
954,isomap_1671601,17.101843885170734,3.9589455397272775,2.632220036261194,6.480996703776931,-8.046254521073172,-3.9249186244545453,1.9289315944812244,2.3323135837836713,Csa,C
955,isomap_1671701,15.452114841538458,3.859855685999999,4.624972178404862,5.089520306458228,-6.921597756282051,-3.6534543586666666,1.7828560864995584,2.705554421525467,Csa,C
959,isomap_1702600,15.2975991916,11.446271722299993,4.458945912405415,4.908299715034188,-9.757507055199998,-6.6216083281,1.857321760810172,3.0425417029509094,Cfa,C
960,isomap_1704000,15.93673259831578,13.62294788799999,3.1762091709012643,2.5529107658332224,-10.949213717684211,-5.293607062842104,1.9562081815465178,0.7122101830932138,Cfa,C
961,isomap_1705000,13.48525082221053,6.090022485250001,1.8439573295474647,9.838047134306388,-9.476493906789472,-5.4669545795625,1.9025015394289368,2.2545955620192832,Csa,C
962,isomap_1709600,11.035283156842095,9.130619253444443,3.882775948447505,5.144569242645154,-14.255978649473683,-2.194833312,2.7788679111857744,2.3967670526663065,Dsb,D
965,isomap_1713000,12.964457949512605,5.6101690070384596,3.9692631422070908,7.419352345460824,-10.989174017512605,-4.222523568067308,2.6824406573416706,2.4486867665158,Csb,C
966,isomap_1722000,13.120000367473684,9.946451232799994,3.8758194195388525,2.8400301506009646,-5.652812302052631,-5.7625920436,1.3209673341332977,0.6882792836575105,Csa,C
970,isomap_1728000,17.629761013636358,7.220613436399996,5.3710617369366425,7.028735184121803,-8.052997269318181,-2.8673797472,3.9748862448239413,3.291305981804846,Csa,C
973,isomap_1730000,17.791011521672417,9.036399819151518,4.528460911176504,8.06115707483813,-6.024157364810344,-3.6410167133030304,2.0099006759117493,2.5727936374609395,Csa,C
974,isomap_1735000,16.92874323881188,6.173823228499998,5.008237205217833,5.815604541369954,-6.149144579653464,-2.3326140992916664,1.83807955608394,2.414792917084202,Csa,C
983,isomap_2221700,4.313333333333325,3.306666666666665,3.484033422470103,2.644356674547191,-18.89333333333333,-9.120000000000001,1.757068265289908,0.9613878856458861,Dfc,D
987,isomap_2333000,3.407142857142852,2.2533333333333494,4.139438244447156,4.04917549906425,-23.342857142857138,-11.680000000000003,3.0290767772456606,1.8676901955802725,Dfc,D
991,isomap_2495900,2.130769230769197,0.5533333333333341,7.294611774916147,7.44400131351114,-34.26153846153846,-13.866666666666665,3.578039527996491,2.97246624128106,Dfd,D
998,isomap_2719600,4.7181818181818205,4.313043478260873,6.477137159665825,2.985953252178698,-18.795454545454543,-9.121739130434781,1.9779413707478046,1.785681339150562,Dfb,D
999,isomap_2740200,9.062500000000009,8.623529411764698,7.692437438809609,6.005833381145045,-17.40625,-8.71764705882353,3.8370673616057362,1.605957765951758,Dfb,D
1001,isomap_2761200,6.006666666666646,-5.100000000000004,12.437495281964486,9.320313047002111,-16.533333333333335,-7.694117647058825,2.271758985651626,1.8618367238184914,Dfb,D
1012,isomap_3190900,13.130000000000013,2.8071428571428485,7.105497871366941,2.8011386168878594,-11.930000000000003,-8.878571428571428,2.64350146585925,1.7448612599076543,Dfb,D
1017,isomap_3374900,8.874695913733335,7.803905107272729,2.9410375614170636,2.8730572727937798,-12.949216272133333,-5.585407322727274,2.641974883302684,1.3731390255232518,Cfb,C
1019,isomap_3383870,10.247324547058822,7.822942642842104,4.360241516513069,3.6916644901578324,-12.567728185294119,-6.059316624105263,2.885076664360855,1.8486860749749132,Cfb,C
1020,isomap_3383880,9.847548235882343,6.8736229591428595,3.5344810451664275,3.5018463932123,-14.333925195882351,-5.77835383792857,3.026782717665731,1.5128799916039488,Cfb,C
1021,isomap_3388100,10.805471163750008,6.711786356555556,4.150563920380867,6.110517231089547,-12.552698711875,-5.895801524222222,3.1091223122972114,2.1689783230684907,Cfb,C
1022,isomap_3388500,9.927027359374998,6.773689952555554,4.136546286054855,3.0260688779579645,-12.263591870625,-5.465073195666666,2.4402331675876634,1.377712618147644,Cfb,C
1023,isomap_3400900,0.36428571428569867,3.5714285714285734,5.581040243904485,2.9194981397074233,-12.049999999999999,-6.807142857142858,1.5527625151875042,1.4853880136248594,Dfb,D
1026,isomap_3488000,4.807692307692308,0.744827586206895,6.209479296695867,7.2817479053095795,-11.99230769230769,-5.175862068965517,3.737123850577635,2.4610980409528445,BSk,B
1028,isomap_3752400,13.711892486444446,14.161472391947367,5.110568966783544,3.6626807971879374,-16.82502155066667,-3.946401696894737,2.9472397789185405,1.4908350203169578,Dfb,D
1029,isomap_3754900,12.108711335882356,10.740192073388885,3.890734503693169,3.3653809359839135,-10.988812565294118,-4.109945129722222,4.397524623806954,2.150166475156135,Cfa,C
1053,isomap_4015301,22.927692307692304,,4.596758312359759,,-6.651538461538461,,1.1116712723424487,,Csa,C
1054,isomap_4017900,19.70101265822785,,5.400672155761448,,-5.107088607594935,,1.30728935123212,,Csa,C
1057,isomap_4025500,22.788648648648646,,4.396538049704356,,-6.314054054054054,,1.549171460263316,,Csa,C
1058,isomap_4025501,22.256666666666664,,4.629422810195192,,-6.31962962962963,,1.63139676914641,,Csa,C
1063,isomap_4026601,24.71945945945946,,4.175406078937973,,-6.844324324324324,,1.1641829069178427,,Csa,C
1079,isomap_4075400,12.853469387755096,2.0857142857142827,7.804710652645096,11.828182878366471,-7.766122448979592,-0.7249999999999998,3.380211813388858,4.9852364179502215,Csa,C
1081,isomap_4094900,19.915555555555574,9.367999999999999,6.111439991150378,9.624270154146751,-10.697777777777778,0.38899999999999996,3.5511211931438034,3.476784290116371,Csa,C
1082,isomap_4115001,8.664583333333333,,9.231849976741152,,0.013541666666666766,,2.80131255662958,,BWh,B
1086,isomap_4192300,6.531526670000007,8.651447413444448,5.826999040081416,1.8486497116686809,-3.322598783750001,-5.562612957444444,2.9212507012552003,2.328773213025633,Aw,A
1101,isomap_4218200,9.066617647058825,5.970357142857142,7.907032910140284,6.911893467134775,-0.984558823529412,-3.796160714285715,2.9882246518742877,4.000855990002933,BSh,B
1121,isomap_4331400,10.638000000000002,10.31848484848485,1.7012513041875934,1.6672589030412872,-5.618,-2.027121212121212,2.23214157257106,1.2214230587056742,Am,A
1131,isomap_4343600,12.284,9.325555555555562,2.6902113919417823,5.9367314447357025,-4.298,-2.6122222222222233,2.23656045450747,2.1813796744149374,Am,A
1137,isomap_4346600,8.088,8.688823529411764,4.320927678172827,4.911781613215001,-5.460999999999999,-1.8470588235294116,1.8674766397468006,1.0529776529994652,Af,A
1138,isomap_4346601,11.262506427823519,10.582235740166665,2.449330642584044,1.258077625785933,-4.900298644470588,-2.4385016096666665,2.3466303048913586,0.7797702080582186,Af,A
1139,isomap_4347300,12.61799999999999,11.509230769230767,3.9243287324076244,3.203235051147418,-8.141000000000002,-3.9299999999999997,3.5178102563953058,1.571314980909546,Af,A
1145,isomap_4500400,12.900545932383176,9.58014437186667,4.326398135580295,3.019236716492285,-2.820826970570094,-7.212051952585185,1.8278621090269844,1.486044628336784,Cwa,C
1146,isomap_4713101,20.063023255813956,7.854042553191492,4.221601996643434,2.695937573914599,-8.00046511627907,-8.997659574468086,2.2903467326498546,1.6675924967372238,Dwa,D
1147,isomap_4713800,18.032000000000004,8.334285714285718,8.565911977133549,6.270476986055617,-6.134000000000001,-8.472142857142858,2.502980623177096,2.2402460916203832,Cfa,C
1148,isomap_4751300,16.6398,8.677234042553188,5.8603284856738185,2.351075536699458,-8.570600000000002,-8.362127659574469,2.6709138211481096,1.9125639315363214,Cfb,C
1149,isomap_4766200,18.990243902439023,6.205217391304344,5.406725932240813,4.184203076754711,-8.202439024390245,-7.023478260869568,2.355040034342335,2.0894655207901587,Cfa,C
1151,isomap_4845500,6.592923479566666,7.8118022291428595,8.016129207007529,3.073480626349414,-2.6634753072333335,-5.678144457253968,2.3026466339775804,1.5675322616531442,Aw,A
1154,isomap_4860000,11.235999999999994,16.405454545454546,2.471579252219109,5.186297266725364,-4.456999999999999,-7.22909090909091,1.9524090247691448,2.109133620257184,Am,A
1155,isomap_4860300,11.854374999999997,14.443809523809524,5.062911673076578,3.5078001194487327,-5.71125,-6.1623809523809525,2.3387493319079753,1.0329426516229987,Am,A
1157,isomap_4861500,5.7273684210526365,8.986400000000005,15.737104944117275,5.701969400128348,-4.375263157894738,-6.747999999999999,2.046610467195,1.4244718319433343,Af,A
1159,isomap_4863200,16.667777777777776,16.162857142857142,5.124767263610404,4.4100055532382125,-9.102222222222222,-9.08142857142857,2.5715096205138064,1.6854243091995598,Af,A
1160,isomap_4864701,9.579428571428567,9.761621621621625,5.417300299098453,7.924594460938889,-6.5614285714285705,-6.92054054054054,2.0094507321399946,1.8764528727073326,Af,A
1164,isomap_4869400,11.57166666666667,13.835714285714287,1.5485145211531768,2.998258337972984,-5.855833333333333,-7.339285714285716,1.9127138587764658,1.210970474370006,Af,A
1167,isomap_5074500,5.776666666666703,4.455714285714294,8.910124702955741,5.04926686939474,-23.765833333333344,-9.51142857142857,5.783353206017733,1.5384447487309905,Dwa,D
1170,isomap_5182801,20.12941176470588,4.527567567567573,13.874130166942859,12.303088033674861,-19.992647058823533,-5.884864864864865,4.441964528835473,2.39847544102456,Dfb,D
1171,isomap_5265200,16.014444444444464,0.18600000000000053,20.191473233967475,12.042463922857868,-17.78166666666667,-3.455333333333333,5.435873894784538,2.6066910484793215,BWk,B
1175,isomap_5369800,15.168124999999998,6.547391304347827,9.534516769403766,6.328735513094772,-10.899958333333336,-7.6817391304347815,3.5194107044499967,2.0722035156344902,Cwa,C
1181,isomap_5452700,16.015555555555565,10.655238095238108,8.784227166551448,5.227072037591193,-11.520000000000001,-7.6676190476190484,2.23090415153438,1.702281115953656,Dwa,D
1182,isomap_5452701,12.95666666666669,5.510476190476195,8.635001769285026,7.058100699729947,-12.638333333333335,-7.00904761904762,4.639250717758441,1.5919138070765637,BSk,B
1184,isomap_5629400,5.212000000000009,4.993846153846158,5.443184362117469,4.693507034619596,-5.404000000000002,-7.516538461538463,3.147631490502027,2.359907009751561,Cwa,C
1185,isomap_5677800,3.8613793103448297,12.62545454545455,12.646819342301578,10.418009200537272,-4.095172413793103,-11.282727272727273,2.803138168368291,3.3701971642056545,Cwb,C
1186,isomap_5703600,12.82444444444446,9.820000000000006,9.042412548173091,5.5394825269754815,-9.471111111111112,-7.045555555555556,3.5593084360883767,2.941218988073223,Cwa,C
1187,isomap_5708300,10.874000000000008,0.8360000000000111,5.576988793246759,8.560601848001118,-7.073,-7.358666666666666,2.956542068024738,2.895414458914109,Cwa,C
1188,isomap_5749400,8.398181818181818,2.1492307692307615,5.528362930761235,6.063888650208726,-5.1827272727272735,-7.971538461538462,1.747554607855794,2.001610298480264,Cfa,C
1190,isomap_5767900,16.93285714285714,9.162857142857145,2.699456105460158,3.406941293828214,-4.633571428571429,-8.032857142857143,1.8845750075769534,1.9991799339137182,Cfa,C
1191,isomap_5771300,12.747368421052633,11.044444444444432,9.374593235866298,5.779006279651093,-3.2605263157894733,-9.69722222222222,1.607405472981425,2.8457508393227546,Cfa,C
1192,isomap_5781600,22.610000000000003,10.624000000000008,1.5544911891493156,3.2789120146780335,-4.259285714285715,-9.498000000000001,1.6749561371046386,3.105251895311124,Cwa,C
1193,isomap_5795700,17.267619047619046,12.026666666666664,3.1525860960440877,3.8605166608744086,-2.8995238095238096,-8.228333333333333,1.4656007258214447,1.5997204616918408,Cfa,C
1194,isomap_5823800,17.92857142857143,10.443333333333351,2.812753752725142,2.0108069137648332,-7.3999999999999995,-9.520000000000003,1.4108103041464195,1.1649940390882307,Cfa,C
1195,isomap_5884700,12.182105263157899,5.9929411764705875,7.3255742213924915,5.573563402038219,-4.124736842105264,-6.324117647058823,2.6400067153444358,2.0535537599446223,Cfa,C
1196,isomap_5904600,8.227692307692307,4.422666666666669,9.156279185384744,4.040520538522508,-3.8092307692307696,-8.128666666666668,3.001974892372996,1.381819412545969,Cfa,C
1197,isomap_5928700,13.027302969581745,8.163362831043745,5.53523114336374,6.566365161757574,-3.200159041956584,-7.71573450129023,1.7014727732053796,2.3148577391597613,Cwa,C
1198,isomap_5975800,9.348571428571423,9.506999999999996,6.0954770786482735,5.418458360087305,-2.461428571428571,-8.631499999999999,0.7514448667434636,2.282573711843716,Cwa,C
1199,isomap_6002000,6.274347826086957,-1.5033333333333303,7.669793277689778,6.217997176654951,-1.469130434782609,-1.2333333333333318,2.3237524245953685,3.083043229595645,Csb,C
1202,isomap_6014100,13.595993056645156,-2.761810667199993,3.4140879619534448,16.909698442825015,-5.226949440709678,-1.1504771096000006,1.2622358128446358,5.122250301011684,Csa,C
1205,isomap_6036903,7.257727272727276,-2.833333333333331,8.110981294638982,12.427982762924774,-4.903181818181817,0.9133333333333322,2.2339129680362055,3.458403613743709,Csa,C
1209,isomap_6071500,11.55051948051948,-2.4333333333333376,5.254180004753148,11.855961463425157,-4.664155844155845,0.8875000000000006,1.892183065914442,2.5861558505498734,Csa,C
1211,isomap_6075000,10.887959183673471,0.5924999999999973,4.857142008231788,7.5454844388327125,-4.901938775510204,-0.9379166666666666,2.551269955141295,2.578450324592058,BSh,B
1220,isomap_6129100,-16.075000000000003,8.84294117647059,16.00425177882428,4.445296608519645,6.0875,-4.6675,3.922788389653462,2.6135936354331117,BSh,B
1225,isomap_6190000,6.253962022847059,10.994075837185186,4.05450416316181,3.429210070841517,0.42382728467058817,0.15486925613580252,0.7470914961576741,0.6865870003090346,N,N
1226,isomap_6190100,12.120000000000001,16.705882352941178,3.514728673320149,3.123103770711078,-1.207647058823529,-1.7264705882352942,0.47411253828804983,0.31963105894269783,N,N
1227,isomap_6190201,8.219991346499999,12.39219115393334,2.449193778179587,2.146402346304352,0.5182208273750002,-0.1510543166,0.7648618037187516,0.38216497524831694,N,N
1228,isomap_6193100,8.987586206896552,8.737142857142851,7.587445917626905,4.8470011768270895,-1.9544827586206897,0.040000000000000986,1.4082848120219504,2.6200109051027134,As,A
1229,isomap_6196700,9.348333333333336,7.760147058823528,4.5285543828003005,6.044047020841118,-4.809166666666666,-2.6100000000000003,1.8670600742094696,1.9410641790159395,N,N
1230,isomap_6198001,9.724587623600002,15.715175855636364,3.771657036166542,10.030604905688904,-3.946540658533334,-0.9943184118636365,1.8598329560620184,0.7598238968712663,N,N
1242,isomap_6230100,13.273620689655173,,7.114435955124763,,-3.423103448275862,,2.5355426589796015,,BWh,B
1245,isomap_6231800,17.084473684210526,,5.47211481170355,,-4.0873684210526315,,1.603891130657804,,BWh,B
1258,isomap_6345000,11.092167530491803,13.491105784256881,7.14198316897186,3.989225240712184,0.24869649762295085,-1.5058237499449543,2.378375155647279,2.465009567746211,Cwb,C
1279,isomap_6368200,6.529285714285714,10.430833333333334,8.85350089293634,5.315945288051369,1.1321428571428573,0.21416666666666673,3.7537223022553214,2.0686809740078878,Af,A
1280,isomap_6370500,11.78604166666667,13.231224489795915,5.4412949360972185,4.927647380313081,-1.1016666666666668,-1.2181632653061223,2.010091554023238,1.4577025164297632,Am,A
1288,isomap_6389400,8.207096774193547,8.1752,4.70157570947497,5.425224876445216,-2.341612903225806,-1.0904,1.9626267730152078,1.5370711889824757,Aw,A
1290,isomap_6422000,14.7325,16.125,5.592400535548219,2.5820292407329553,-3.4837499999999992,-1.5249999999999997,1.8011415650914286,1.4618053906043713,Aw,A
1291,isomap_6465001,9.40695705523077,11.519779938866668,4.600697305197006,6.3808251522181525,2.2138501060769227,-2.0599352878666672,1.2633875313111322,2.4044014334516346,Aw,A
1292,isomap_6465002,13.986324152400002,13.059487879285715,3.4114486697279696,7.209497911977697,1.0345585337,-2.217615115642857,1.2814546766766615,2.8384735672495403,Aw,A
1293,isomap_6470000,,8.447222222222221,,8.77791439767098,,-2.4520833333333334,,4.080221837480844,BSh,B
1295,isomap_6491001,12.583334107538455,11.120926090192306,3.626032476270423,1.9730663956891648,-1.1955850066153841,-2.3969923149615378,1.1433251254199337,0.9334147205913099,Am,A
1297,isomap_6534403,10.010117516100001,11.285389267333334,4.6815942106623485,2.7745128846349227,-1.0705576395,-3.2186553144583336,2.1923984264789564,1.2994064797176805,Aw,A
1303,isomap_6621500,11.837600000000002,19.119999999999997,4.815828302587204,4.099999999999996,-4.861199999999999,0.03499999999999999,2.0903632602971185,0.17500000000000004,Aw,A
1306,isomap_6708500,13.357916666666668,15.242666666666661,4.339231862867226,6.10986902932915,-8.447916666666666,-3.305333333333333,3.6387806785225303,1.9606082956289073,Cwb,C
1309,isomap_6756100,12.097244272242856,,4.110276295162458,,-6.189953943414285,,2.546806317861175,,Cwa,C
1310,isomap_6777400,13.381780821917808,10.857333333333331,3.520204439294217,8.071176260138436,-6.311986301369863,-0.631333333333333,2.998608437501666,2.1159264847552928,Cwa,C
1311,isomap_6811000,8.234500000000002,22.330000000000002,7.297650289648032,5.3888495989403795,-3.7652500000000004,-0.9900000000000002,4.21171163987992,2.2563909235768524,BSh,B
1313,isomap_6826200,11.821090909090909,10.193999999999999,7.98919399114198,7.464401114624,-3.586727272727273,-0.5729999999999998,2.3549569033273037,2.0092165139675715,Cwa,C
1314,isomap_6881600,6.583286840666667,14.464713700656718,14.418972921681036,4.176241506671517,-0.9339000760392159,-3.582464895940299,3.0374505318926532,1.1918740285360685,Csa,C
1315,isomap_6881601,8.033142857142854,13.802926829268294,7.268100074564023,8.588166062188087,-1.3862857142857141,-3.475365853658536,2.2016631190524856,1.4750181438503345,Csb,C
1316,isomap_6890600,7.374626793434785,11.411248288576925,3.8762353637758538,3.291535487626594,-3.055365420847827,-4.318875406673077,1.122847846373248,1.1019978288417276,N,N
1317,isomap_6899400,6.70642096282353,9.51315913628,7.181838624631678,4.545581466939566,-3.989446419960784,-4.900080470160001,1.6185151706783347,1.2040013737998574,N,N
1319,isomap_7021900,4.0666666666666424,-1.4666666666666768,8.113397699005159,9.224996236072716,-14.691666666666665,-10.358333333333333,3.6572891448296643,2.4847730725807193,Dfc,D
1320,isomap_7045400,8.611764705882361,4.571428571428576,5.927336705066187,4.269551426995017,-9.391176470588235,-8.55,2.4799831174779756,1.1810286073709528,Cfc,C
1321,isomap_7107200,11.918571428571402,2.936000000000006,7.158840545729714,9.34043596412931,-32.63714285714286,-19.43866666666667,3.253864578294182,2.7959610552048506,ET,E
1322,isomap_7108100,9.678571428571415,5.292000000000001,10.807215748975217,6.110270261344142,-34.94285714285714,-17.510666666666665,3.5008477107520024,2.5092667366295567,ET,E
1324,isomap_7108200,14.001538461538447,10.657333333333302,4.967862636144213,4.739580103295617,-35.610769230769236,-23.20133333333333,2.196253668753861,2.036309952394827,ET,E
1325,isomap_7116301,7.310344827586219,3.7152941176470544,4.263511975338207,2.096759734467227,-27.755172413793098,-18.19235294117647,3.1258385034393292,1.7503731683197434,Dsc,D
1328,isomap_7129600,14.078333333333338,7.965714285714284,3.518526759249608,3.809180103542557,-14.790000000000001,-7.059999999999998,2.1764420506873137,1.8377431811871856,Dfb,D
1329,isomap_7129901,11.859999999999998,7.827500000000001,4.156606110635733,2.478857347650325,-22.300769230769227,-10.211249999999998,2.960537359934184,1.9574015779854677,Dfb,D
1330,isomap_7139800,13.484999999999998,7.18260869565217,6.087214058992836,5.408821472044175,-12.617916666666666,-7.017391304347826,3.239657876955869,1.2623828999203626,Dfb,D
1331,isomap_7140801,13.489189189189187,10.070526315789474,3.553844038600166,2.758537892061492,-11.991891891891893,-7.056842105263157,2.8010778213547747,1.2434991064334666,Dfb,D
1332,isomap_7152700,14.052631578947368,9.352380952380956,3.425503177952199,4.3085318511086985,-14.973684210526315,-6.347619047619048,4.102225596873659,1.428825374254453,Dfb,D
1333,isomap_7156900,6.897894736842116,5.958947368421061,4.046981433829609,3.1444418712134765,-24.061578947368417,-12.336315789473682,2.5496878305473007,1.5701096526452039,Dfb,D
1334,isomap_7162800,13.793828050619469,9.877898937652175,5.467816989893878,3.983238427768593,-16.38534371672566,-7.849147014260869,2.958643712907437,1.6970231793650254,Dfb,D
1335,isomap_7170201,12.430526315789473,8.495609756097565,4.111646454292599,3.02649926465037,-14.717631578947367,-7.747317073170732,3.0411653187297913,1.6148609007381716,Dfb,D
1336,isomap_7172000,14.859999999999996,11.030000000000003,2.942176065431847,4.821317247392051,-18.495000000000005,-8.110000000000001,3.1719828183645657,1.1861281549647156,Dfb,D
1337,isomap_7174800,12.107368421052628,8.63000000000001,3.6240844101144267,6.049223090612551,-23.98842105263158,-9.060000000000002,3.2615676940260907,1.533427533338306,Dfb,D
1338,isomap_7179900,5.376470588235291,-1.494117647058823,6.0643150441758245,5.781966954982714,-10.723529411764707,-8.629411764705882,1.490175438453555,1.741116851125551,Csb,C
1339,isomap_7181600,12.301176470588238,8.461923076923082,5.208514013013702,3.396063919882694,-19.810196078431375,-12.173846153846155,3.6333479889231737,1.323864032418496,Dfc,D
1340,isomap_7182400,12.805641025641025,10.046829268292676,3.5925876645598556,2.5750381849163917,-21.225384615384613,-10.709512195121949,3.391045407339027,1.3645082223554643,Dfc,D
1341,isomap_7185001,11.141578947368409,8.164499999999999,4.326930069080686,3.3527823892999677,-21.910789473684208,-9.98025,4.198201608445259,2.333669307656935,Dfb,D
1342,isomap_7185600,11.189999999999994,5.294117647058807,4.3710296269872115,5.832209811064499,-24.705000000000002,-10.235294117647058,3.9482242844093833,1.7190767619553262,Dfb,D
1343,isomap_7186500,7.011764705882324,2.9961904761904714,7.810240815217891,6.410252558868552,-25.641176470588235,-12.999523809523808,3.945669081191412,2.561231988136208,Dfb,D
1344,isomap_7186601,0.7751351351351345,1.1789999999999963,7.838248777670785,8.41089561224011,-23.264054054054053,-12.660799999999997,3.7582525118762447,2.286120591744888,Dfb,D
1345,isomap_7186700,9.042105263157865,3.1874999999999893,4.018682134006473,5.233769554537155,-26.031578947368423,-13.40625,3.4951172906422268,1.6099179909237622,Dfc,D
1346,isomap_7187701,4.144827586206887,7.287499999999999,10.805923860897533,6.7347927240349605,-25.1,-15.864285714285717,3.910022488690949,2.1477919368694978,Dfc,D
1347,isomap_7187900,8.47272727272728,3.8933333333333358,6.435284963541548,6.556875949888189,-27.063636363636363,-13.846666666666666,3.6372498920007597,1.6028585575638166,Dfb,D
1348,isomap_7191300,10.805714285714284,3.4866666666666437,5.390533652730914,12.225600825953542,-28.56857142857143,-14.186666666666662,1.7810464706492763,2.3705967368763683,Dfc,D
1349,isomap_7191400,7.716410256410256,4.1223999999999945,3.481019219431088,2.387114207573648,-12.14179487179487,-9.2088,1.4824146480292377,2.010121031181953,Csb,C
1350,isomap_7191700,9.551428571428639,4.602666666666708,5.86959582101195,10.314716649310126,-37.83857142857145,-21.732000000000003,2.835073335264284,3.660790807098009,ET,E
1351,isomap_7192400,8.76400000000001,6.520000000000007,9.064536612535667,5.220043422552484,-35.03466666666668,-19.966666666666665,3.482184882448887,2.628555158679807,ET,E
1352,isomap_7192500,9.779999999999983,6.3600000000000145,2.5664102436012763,4.244255725880183,-32.32153846153846,-19.06,1.7162519366512554,2.5274545825131383,ET,E
1354,isomap_7193401,5.469230769230789,1.6133333333333184,16.841479224973313,7.969644631698171,-25.35384615384616,-16.386666666666667,5.315091052786236,2.653213565136101,Dfc,D
1356,isomap_7196400,7.2130434782608575,1.1250000000000053,11.17599540738701,7.557350174940076,-24.139130434782615,-18.195833333333336,3.8999151752687036,2.0096598316354157,Dsc,D
1358,isomap_7222071,6.015714285714275,1.6823076923076932,2.1106759725795126,8.098841468759263,-19.629285714285714,-7.59923076923077,2.3733835530305507,4.130923647020699,Dfb,D
1360,isomap_7225600,14.0888,4.892173913043477,5.219057631412019,7.317249992177055,-5.481599999999999,-2.03,2.323267836475167,2.804569253138915,Cfa,C
1361,isomap_7227401,11.819097540939401,2.8213368850000005,5.889646892341392,5.711821180079728,-8.904829593242425,-4.984866650548386,2.7339964906234044,2.682383305165654,BSh,B
1362,isomap_7230400,14.356666666666662,9.706363636363635,3.4690904988035243,5.378105061226194,-4.844583333333333,-3.4877272727272723,1.6007888138005233,1.4645971578255725,Cfa,C
1363,isomap_7237500,2.995714285714285,-7.376190476190475,10.58154236278955,11.86866000226787,-10.9325,-3.652380952380952,4.153175742729894,3.2167980305205677,Csb,C
1364,isomap_7239400,10.460909090909093,-1.4285714285714337,6.769241873148726,9.74255382854212,-4.5195454545454545,-1.6857142857142853,2.2660688372612627,2.9131321246229462,Csb,C
1365,isomap_7252101,13.541176470588242,9.871999999999995,4.142028321476916,3.047086477276285,-11.397058823529411,-4.700666666666665,3.187297886936396,1.241415679331016,Cfa,C
1366,isomap_7253400,12.55149999999999,3.1434146341463407,6.4332291852536985,8.333704592959405,-12.901749999999998,-3.4197560975609753,4.021106121143781,2.431602390279718,Dfa,D
1370,isomap_7420500,10.05000000000002,2.049999999999997,6.540899530390816,3.3285382176965777,-8.508333333333335,-6.004166666666666,1.5028519184832838,1.262678755221965,Cfb,C
1371,isomap_7500001,10.203636363636358,7.9323076923076945,3.8893684290459674,6.155730480737383,-3.911818181818182,-1.787692307692308,1.2852931620438564,1.1621012391099272,N,N
1372,isomap_7622500,11.46533333333334,7.021754385964916,4.211732607319166,6.4187721192313045,-9.250666666666666,-5.681228070175439,2.7365196062801296,3.565382325000026,BSk,B
1373,isomap_7669200,9.636153846153844,7.130526315789472,7.917744471425743,5.945759633362968,-0.44153846153846144,-3.9821052631578944,2.6453263464627463,2.192878615085344,Aw,A
1384,isomap_7837401,12.028233591424243,5.978220008368423,3.14265594332522,2.431950125918521,-1.6278084457575759,-2.3802240331315785,1.2169973819471607,1.9546823899044838,Am,A
1385,isomap_7848601,12.113181818181818,8.424583333333333,2.1259102571575315,6.197285682166743,-1.5102272727272725,-3.0545833333333334,0.996820487706158,1.1941593248204179,Aw,A
1390,isomap_7866300,14.059999999999992,9.35161290322581,3.8200000000000074,2.860538068913694,-3.4449999999999994,-6.7451612903225815,0.9849999999999994,2.25465950646976,Aw,A
1392,isomap_7870802,17.73770351509091,10.292359198624993,2.9915111090396653,2.309629049943366,-1.5669233251818184,-5.7416511475625,0.5492468819293649,1.9106119531197578,Am,A
1418,isomap_7880600,6.091794871794872,8.100327868852457,5.636989045260239,4.025804457725971,-0.9117948717948716,-5.453114754098363,2.2033993222534662,2.762188216058033,Am,A
1420,isomap_7895400,7.860392156862745,6.972799999999999,5.787797156487463,4.314594321601974,0.11647058823529408,-1.9316,1.5799153905484338,1.2445952916510652,N,N
1421,isomap_8002800,3.623333333333335,5.8143749999999965,5.984974705228273,4.384744104206648,-5.196666666666668,-4.0428125,5.747291149363809,1.9051562179631751,Aw,A
1423,isomap_8004401,8.007464565411764,8.312322562555554,4.619513315833814,3.251629209560857,-2.7172665884705878,-6.715707217055556,2.9990958651930995,1.9549756330420993,Aw,A
1438,isomap_8022200,10.892847753587303,9.187265338089551,5.7440441323767315,4.067136343712356,-5.524723260349206,-10.95440109319403,3.516960877536813,3.2245271938403373,Cfb,C
1454,isomap_8041300,1.0200000000000005,2.475000000000006,11.907753776426517,8.452598712821995,-2.04,-4.0218750000000005,2.057218996606826,2.252582458951282,Aw,A
1455,isomap_8140500,8.347142857142858,9.902222222222223,4.222961771369589,4.506523118467711,-1.4014285714285717,-2.9377777777777774,1.4080678613052768,0.8816559895733806,Af,A
1467,isomap_8210201,8.7,13.123076923076926,8.800568163476719,3.095941225379758,-2.5666666666666664,-3.8615384615384616,1.751190071541826,1.8780261575709516,Af,A
1468,isomap_8210600,10.221,10.842727272727272,2.136103695984816,4.640428253961622,-2.8195,-3.894545454545454,1.4676051069684926,1.9274871235809197,Af,A
1469,isomap_8219100,8.287410714285715,9.877149857592341,5.27621437000736,6.594493146713436,-2.2681593406593406,-0.9863000795315096,1.7668070049283617,1.5751796706625887,Af,A
1472,isomap_8233100,11.383404255319148,14.249374999999997,3.4664306718200883,3.8330926951190514,-4.068936170212766,-2.851875,1.665341616021595,1.8822002375876479,Af,A
1474,isomap_8239700,9.3848,11.5712,4.586572681207613,4.276020879275496,-1.4836,-1.5264000000000002,1.0480033587732436,1.637229073770681,As,A
1477,isomap_8259800,7.8757142857142854,10.983703703703704,4.632288410533972,4.163712862469913,-1.2407142857142859,-1.4266666666666665,1.041176973331584,0.9511007268384313,As,A
1485,isomap_8282500,9.942222222222217,9.60307692307692,3.8848474237957986,2.3576500184436697,-6.942777777777776,-4.117692307692308,3.5942064578608153,2.9552642829785163,Am,A
1487,isomap_8322900,10.208148148148146,10.543448275862069,4.218520924787141,4.618484805918174,-1.6774074074074068,-0.9093103448275863,1.4339936272201808,0.6673050847250314,Af,A
1488,isomap_8336101,9.610175438596492,9.228461538461536,6.040174416915882,5.8978957735969715,-6.201052631578947,-1.0742307692307689,3.3602389661318166,2.9074812957622105,Aw,A
1489,isomap_8337800,10.46285714285714,12.083636363636362,4.963188244568245,4.106498780153838,-5.4228571428571435,-1.74,3.065336682909699,1.7152206325081967,Aw,A
1490,isomap_8358301,11.949544026888892,14.375000000000004,2.4090880236532852,2.1288318392959087,-6.3412263143333325,-4.360000000000001,3.1643526532955066,1.5560848305924717,Aw,A
1492,isomap_8374300,10.968749999999996,14.09642857142857,4.280245137547612,5.244330417757087,-4.9156249999999995,-2.4374999999999996,2.1536886054801427,1.1946416826814639,Am,A
1494,isomap_8396700,11.085652173913044,13.81023255813953,4.854274070196512,4.832707117698279,-5.231086956521739,-4.1216279069767445,1.8463633212825943,1.5751218930056972,Cfa,C
1495,isomap_8400101,9.825000000000003,10.123076923076923,2.8047771747502512,2.194504971743267,-1.848611111111111,-1.5583333333333336,1.5195565924487058,0.5488850392612157,N,N
1497,isomap_8404400,11.332075471698111,10.264754098360655,3.4780374852811797,5.110717317256885,-9.42301886792453,-10.535901639344262,3.0749668413034486,3.31416353319377,Cfb,C
1501,isomap_8407301,10.570825839116283,8.94746417605883,2.578216305151502,3.948913857599351,-9.457628710093024,-10.603010675941176,2.968413807795629,3.851534346035919,Cfb,C
1517,isomap_8437701,9.218194458333338,13.93861393184615,3.3146400444021777,1.7545628214206046,-5.435370411250001,-3.1318944609999995,1.8603939217484566,1.3543605574515731,Af,A
1522,isomap_8457001,15.059999999999999,12.871538461538456,2.2985007901571506,6.882629021567311,-16.275882352941178,-8.249999999999998,3.083844161057524,3.4353546452239163,ET,E
1545,isomap_8520101,11.248823529411762,12.705000000000002,4.0096506850244324,3.42810583491593,-14.543970588235295,-9.064038461538463,3.4951680468334456,3.342825848345506,ET,E
1564,isomap_8546900,8.266923076923074,9.442463768115942,5.914050004491111,6.164019817185719,-1.4676923076923076,-2.338550724637681,1.9632678952202034,2.4622566975294156,N,N
1566,isomap_8557700,6.933333333333347,10.19041666666667,2.188292078819042,5.172826418866402,-8.51666666666667,-7.431875000000001,3.0169778844989183,2.6977032331920796,Csb,C
1571,isomap_8580100,5.8861224489795925,9.936923076923073,8.09955322938361,3.631258984786911,-3.9344897959183673,-7.48602564102564,2.3332880025742857,1.7676170687981714,Cfb,C
1573,isomap_8586400,4.518620689655157,7.040000000000002,6.234132809830609,5.976353403205001,-8.661379310344826,-12.994285714285715,1.7771028808786262,2.113476196377206,Cfc,C
1574,isomap_8593400,-3.209655172413791,3.6381034482758627,9.977539943762183,6.250757045708217,-6.835,-10.87103448275862,3.136169555805078,2.869707235851873,ET,E
1580,isomap_8704700,14.176190476190476,6.916666666666664,3.3687506179032582,9.93024280781806,-5.757142857142857,-3.0833333333333326,2.196224342034351,4.636959013069761,Cwa,C
1588,isomap_8734501,8.399999999999991,14.514285714285716,4.514030415076453,6.751810036983427,-4.741176470588234,-5.885714285714286,1.5707094026845514,2.3889200019067633,Cwa,C
1589,isomap_8737401,9.769230769230766,14.399999999999999,5.5993659827059,2.431610016578989,-4.984615384615383,-3.981818181818181,2.375790120828196,2.0515263416730756,Cfa,C
1590,isomap_8742000,2.6823529411764717,3.3333333333333335,8.05249214577608,10.425183185174465,-3.21764705882353,-9.833333333333334,2.331431091466367,4.315862215903868,BWk,B
1593,isomap_8745301,12.37777777777778,12.440000000000008,2.9355210696939795,2.6484712571594873,-4.944444444444445,-7.080000000000001,1.8089967207826747,2.3844496220302083,Cwa,C
1594,isomap_8755000,5.464285714285722,7.218181818181822,8.838924235032964,4.592052062940957,-3.6428571428571432,-8.118181818181819,1.0959107665148957,3.5503695535735647,Cfa,C
1596,isomap_8757601,9.598275862068965,12.40925925925926,4.841540485086095,4.722807879441842,-4.903448275862069,-4.4111111111111105,1.7596987905694284,1.9662585891754347,Cfa,C
1602,isomap_8776501,4.446153846153843,10.783333333333326,3.1311377594476744,4.076320508606853,-9.007692307692308,-13.108333333333333,1.8894287042390265,1.8222963230190872,Csb,C
1605,isomap_8793800,-0.04814814814814712,8.345454545454546,6.347111934098698,5.70224256305656,-9.935185185185185,-11.839999999999996,1.4881205406432054,1.564562093831544,ET,E
1606,isomap_8889000,5.328695652173915,8.229565217391302,3.7867495575651975,3.258662673499624,-6.6747826086956525,-9.133043478260868,1.300026319349685,1.131591548612947,ET,E
1607,isomap_8902200,3.942586240451131,6.17401214152672,5.745715957981436,6.021604471186992,-15.71204818015038,-26.89988414335878,3.1581130503612482,3.507435184938717,EF,E
1609,isomap_8906200,-5.792241481904769,2.5719937381132127,6.960138746506732,3.4829393553394055,-11.101701884285712,-14.130656357169807,4.079699940622044,2.6090506947266077,EF,E
1610,isomap_8906300,-4.722713178294576,3.3993129770992363,6.938491866598216,5.8639676262657305,-8.274263565891474,-11.902519083969466,2.790113713665481,2.6457465052885336,EF,E
1611,isomap_9000001,12.112380952380958,7.407999999999997,7.486044097908298,5.291477676415162,-4.124761904761905,-4.5885,1.498458315824314,1.6956098460435998,N,N
1612,isomap_9106600,9.648656716417909,8.845588235294116,6.041899695206178,5.096697714712509,-2.0226865671641794,-2.539705882352941,1.810569780928259,1.5001332985754332,N,N
1613,isomap_9121700,10.570000000000002,10.48148148148148,7.142811878977464,4.440016436158856,-1.8842307692307696,-5.3314814814814815,2.118706377952437,2.140650132646109,N,N
1614,isomap_9124500,7.9614814814814805,8.350909090909088,6.648541863922024,4.833316424402835,-0.4766666666666667,-2.3593939393939394,1.0079094609544457,1.4821338822156902,N,N
1615,isomap_9127500,9.0408,6.269523809523808,5.080410944008368,5.71610129887119,-1.4756,-0.9033333333333334,1.519797565467191,1.0936323632883889,N,N
1616,isomap_9128500,11.92105263157895,9.615454545454547,4.8873347539563845,4.9436200641678525,-2.0789473684210527,-1.6763636363636365,1.1359062912463662,0.76950719445243,Cfb,C
1617,isomap_9133400,9.016470588235293,10.494444444444447,4.571066217720108,3.4702340974865087,-3.032941176470589,-6.091666666666667,1.8536601779623265,1.3495729777311871,N,N
1618,isomap_9141300,6.252941176470591,10.557142857142853,6.600965851525849,3.2340938862850184,-3.158823529411765,-5.935714285714285,2.2158357402302324,1.0904894987751028,N,N
1622,isomap_9176200,12.98148148148148,10.90962962962963,3.2342057284751506,3.1781773037288046,-5.974074074074074,-2.0840740740740746,2.197930439466922,1.1675433507988102,N,N
1623,isomap_9184300,8.876250000000006,11.742352941176467,3.3901232923744824,1.855863615082064,-5.196250000000001,-2.987647058823529,2.282183370700085,1.3986549396253563,N,N
1624,isomap_9301100,8.684999999999995,13.613571428571428,3.9234883349241345,3.3111761120330057,-4.554821428571429,-5.899464285714286,3.900006864037654,3.1369385779102603,Cfb,C
1625,isomap_933,0.29122763636365356,1.681746731707314,8.182830126048204,8.98520328007828,-23.404017090909093,-12.811529317073173,3.8159694718478105,2.3696528911685633,Dfb,D
1626,isomap_935,0.3642857142857118,3.5714285714285756,5.581040243904502,2.9194981397074193,-12.049999999999999,-6.807142857142858,1.5527625151875035,1.4853880136248603,Dfb,D
1627,isomap_9384400,7.85784615384615,11.00776119402985,3.3275412462600875,3.434925022925671,-6.225692307692307,-7.515522388059701,1.409001795304604,1.3976433080950783,Cfb,C
1629,isomap_9401400,10.853793103448272,9.874999999999996,4.161843435880306,3.3071853591838467,-8.857586206896553,-5.139583333333333,2.2419675090272575,1.6201143971097298,Af,A
1630,isomap_941,5.599999999999989,5.0230769230769265,2.590752786353805,2.6402662587624968,-19.326666666666668,-8.938461538461537,1.5150210852951487,1.8661100889029347,Dwc,D
1631,isomap_9412000,11.78160493827161,10.758666666666668,3.8960104497002015,4.216048492236414,-5.025555555555556,-2.234,2.3390116093431375,2.4078421875197717,Aw,A
1632,isomap_9432600,9.201052631578946,11.842068965517242,8.83514149336366,7.422834006287551,-4.648157894736843,-3.9927586206896555,5.013378866521038,3.1330176007427117,BWh,B
1633,isomap_944,7.871428571428585,1.533333333333323,3.191378692537698,3.6226448287895527,-13.964285714285717,-12.400000000000004,2.2534440760936674,1.7339742404853278,Dfc,D
1635,isomap_9457600,11.955308641975309,15.429629629629629,5.6182605907196885,4.453360069903233,-3.2198765432098764,-4.08641975308642,1.8869882554262083,2.3250335500789086,Cfa,C
1637,isomap_9460800,7.8253333333333295,17.229629629629628,9.124526556972087,4.022523145417364,-1.9373333333333325,-3.9703703703703703,2.404976691963747,0.8290310340502226,Csa,C
1638,isomap_9460801,6.854166666666667,16.67625,6.031358274790921,2.70188408414696,-2.970833333333333,-4.0025,3.0296753355580663,0.972015732040039,Csa,C
1639,isomap_9467500,8.910000000000002,12.524444444444443,5.733524221628441,3.7167502066678404,-3.7433333333333336,-4.826666666666665,3.5808130671988763,1.6415936249966474,Csa,C
1642,isomap_9486800,9.853333333333332,11.852394366197188,6.208490368600473,3.478007145425412,-4.072608695652174,-5.674507042253523,2.168827675165103,1.4735965285055628,Cfb,C
1644,isomap_9495400,8.239148936170213,12.044791666666669,7.29451435677676,2.8278812663542334,-2.307021276595745,-4.705208333333333,2.6583548863300703,1.1254776570848586,Cfb,C
1676,isomap_9674500,10.828709677419354,10.838723404255319,3.2083090128858247,3.402763343270188,-5.868709677419355,-4.591276595744681,1.3970065738305253,2.277965326750557,Af,A
1688,isomap_9769800,7.479718309859157,6.290153846153848,4.353199882434221,5.330517219040309,-5.336197183098592,-4.822615384615384,2.092085936751315,2.3844498007026713,Af,A
1698,isomap_9842901,8.35291666666666,9.346627311599999,3.10065783230842,4.217620511603087,-3.8162499999999997,-7.06156329531111,2.1522949234479922,1.8791015533058035,Am,A
1699,isomap_9844401,11.821666666666664,12.85846153846154,6.86935930216365,1.922713811872919,-2.6850000000000005,-6.67076923076923,0.9148087231765996,1.6414977285696772,Af,A
