,site,m,mse,b,bse,inv_condnum,res_var,n,lat,lon,elev,proj,koppen,clim
17,Diaz_Museum_MBZA,8.441905083045619,0.6534402643135371,14.542970637141076,2.173420095761486,0.128242129049,64.4858698478,55.0,-34.18,22.14,10.0,159.0,Cfb,C
18,Ehl_196,7.597959959152646,0.1175014017496657,3.314972503815425,1.711989888297613,0.0194143087427,28.5341961744,92.0,40.78328,-111.84583,1574.9016,78.0,Dfb,D
19,Ehl_83,7.642908131279147,0.12035655649145813,2.5353367727415606,1.712320165762337,0.0234232660828,67.4645287307,159.0,40.667,-111.7991,1569.72,78.0,Dfb,D
172,JAMSTEC_29231,7.84219958913873,0.04663333036832921,7.014692672415967,0.81943469240892,0.0178062376463,6.60717580606,81.0,58.32,82.95,75.0,167.0,Dfc,D
173,JAMSTEC_29263,7.772634520510256,0.2540638698502435,2.703887652739083,4.832824099043474,0.0166851456788,167.538647479,57.0,58.45,92.15,79.0,167.0,Dfc,D
174,JAMSTEC_29698,7.911221621486271,0.041914960820389154,7.062407779240853,0.8799842693665294,0.0174151434448,7.60203951086,61.0,54.88,99.03,411.0,167.0,Dwc,D
175,JAMSTEC_30554,7.844065426512169,0.11345004740819846,6.67017902212135,2.9992016121386267,0.0148283997248,132.957719143,80.0,54.47,113.58,903.0,167.0,Dwc,D
176,JAMSTEC_31004,7.86293880618826,0.10160960831885679,7.320197693644753,2.53503108775117,0.012772330647,43.4374062149,55.0,58.62,125.37,679.0,167.0,Dfc,D
182,JAMSTEC_96195,7.679466222915111,0.16751808894967324,6.8145970695525895,1.071606887184919,0.046387690954,8.02848888453,55.0,-1.63,103.65,25.0,167.0,Af,A
183,JAMSTEC_97014,7.944010789290353,0.13839232056766917,11.55543140253681,0.8391221416552311,0.0386660956381,2.64011517142,48.0,1.53,124.92,80.0,167.0,Af,A
184,JAMSTEC_97180,7.424068346547661,0.21856369141893933,6.745734143861085,1.3959002426614846,0.0462805966597,12.3729205447,48.0,-5.07,119.55,14.0,167.0,Am,A
185,JAMSTEC_97230,7.696745062604811,0.21981973153344223,11.774499728372833,0.7996417955959073,0.1390862835,11.9257850167,50.0,-8.75,115.17,1.0,167.0,Af,A
186,JAMSTEC_Kotot,7.98378832284505,0.15231108791923917,13.10295201209113,1.2628752696569583,0.027168057474,6.81180578282,63.0,-0.2,100.32,865.0,167.0,Af,A
187,JAMSTEC_Palau,7.558124322738045,0.21474657125898053,7.30986174010039,0.9856852293836658,0.0675353181464,7.33979447509,50.0,7.0,134.27,2.0,167.0,N,N
197,LQR3,9.054711466804243,0.2135879460463887,16.559307671891855,0.6040936523012215,0.117077931618,4.48799374931,82.0,18.277,-65.786,625.0,129.0,Af,A
199,LQR4,8.88656046882607,0.156175809635474,18.311318814590503,0.5353623095376495,0.0834279009089,2.83884727259,89.0,18.27,-65.76,1011.0,129.0,Af,A
201,LQR6,8.775817031267751,0.2041725466428763,15.517249924153418,0.5546383770351258,0.144948102082,5.7804640853,87.0,18.31582,-65.74315,482.0,129.0,Af,A
202,LQS11_LQR5b,8.79683812845109,0.19282967039043775,13.71962392015839,0.49599601857065645,0.18922246796,4.390305198,57.0,18.37226,-65.76311,5.0,129.0,Af,A
227,MZV_airport,8.20493141015548,0.10126129986201106,13.04681796555033,0.8743373088407225,0.0270313036346,4.13627784754,78.0,4.05,114.81,24.0,161.0,Af,A
308,SAfricaPrec_02,6.432519581934585,0.24954763755071074,8.08937657599912,0.7936745454467958,0.14351685873,38.1595940832,148.0,-33.96,18.46,115.0,138.0,Csb,C
325,SAfricaPrec_19,7.401791019527027,0.1635681119438553,13.328633264107783,0.6217182395771347,0.152858257388,15.821576382,83.0,-25.77,28.26,1431.0,139.0,Cwa,C
342,SanAgustin_PR,8.44315836974174,0.22413430453103936,11.610439981945683,0.5338013307422164,0.205917663168,20.0480392359,204.0,18.3893,-66.56934,178.0,129.0,Af,A
701,isomap_1009100,7.607912896772646,0.10138669011730954,5.352661246443933,0.9084666800565107,0.0236607619248,7.04924181689,134.0,54.6789,13.4342,42.0,20.0,Cfb,C
704,isomap_1011300,7.931619129411083,0.12449483521809492,7.584653552723985,0.8859215597305531,0.0307684741168,7.88205330611,151.0,53.7122,7.1519,11.0,20.0,Cfb,C
707,isomap_1013100,7.93919352128411,0.09760217804145256,6.627488099549481,0.7107646539705282,0.0320383788067,15.8644353828,420.0,53.8713,8.7058,5.0,20.0,Cfb,C
713,isomap_1018400,7.388396683694618,0.10771325781108651,3.0233959288302468,0.9591306583444789,0.0300515749213,12.6727692754,132.0,54.0967,13.4056,2.0,20.0,Cfb,C
722,isomap_1026100,7.512477776669969,0.07927335095959721,3.9419422461242015,0.6773684793236252,0.0344914989691,11.2807794043,199.0,52.8911,11.7294,21.0,20.0,Cfb,C
725,isomap_1028000,7.606124699231001,0.14100488133772487,4.527245072459992,1.2508111087229135,0.0273791439001,7.93581971341,61.0,53.5483,13.1931,81.0,20.0,Cfb,C
730,isomap_1032500,7.899308776582019,0.06999192154134123,7.050476056370546,0.561246014680607,0.0318056091936,11.3079002017,408.0,52.1042,8.7519,135.0,20.0,Cfb,C
733,isomap_1034800,8.039623385471087,0.10305569344324364,4.8587249249952675,0.7748267970139052,0.0370806526059,25.9358881044,420.0,52.2914,10.4464,81.0,20.0,Cfb,C
738,isomap_1038400,7.852365456417033,0.07659723112097988,4.476425083380457,0.6350879118875908,0.0340065870814,18.0993595178,419.0,52.4672,13.4019,48.0,20.0,Cfb,C
741,isomap_1040600,7.880237533902307,0.07756482296687942,6.37683195815537,0.5760062285417518,0.0323334662979,10.9075597114,413.0,51.83,6.25,43.0,20.0,Cfb,C
744,isomap_1042700,7.6853794963125175,0.09172921084643168,8.87579786336603,0.8322916254984719,0.0225935019151,7.97577552212,196.0,51.18,8.4889,839.0,20.0,Cfb,C
749,isomap_1046000,7.716231930861737,0.07276391863270978,5.111880971357733,0.658674266572822,0.0332526658015,10.6173195118,199.0,51.3744,11.2919,164.0,20.0,Cfb,C
750,isomap_1046900,7.781231552844017,0.09434136586468371,6.425829772633498,0.847269963957509,0.0292449225386,14.8400751713,221.0,51.35,12.43,125.0,20.0,Cfb,C
755,isomap_1049900,7.747541005003033,0.07939090794461985,5.915538139245344,0.7269365873421302,0.0318068571741,11.9279173738,197.0,51.1622,14.9506,238.0,20.0,Cfb,C
759,isomap_1051500,7.851028502937474,0.07258604595123756,3.0615310967001146,0.5363333807190324,0.044950292324,16.842075308,393.0,50.3381,7.6,85.0,20.0,Cfb,C
763,isomap_1054400,7.973467660314101,0.05698447714595075,10.73579719954009,0.5550352570481046,0.0215922017244,7.71824370973,432.0,50.4972,9.9428,921.0,20.0,Cfb,C
768,isomap_1058200,7.761682291029745,0.10391347717904093,9.435190044244553,1.0568174033812654,0.0252588043069,15.4091125935,156.0,50.7311,13.7514,877.0,20.0,Cfb,C
770,isomap_1060900,7.8843799641221235,0.08143021867954174,5.601737479714703,0.6164418936197077,0.0357883500924,16.3806231745,431.0,49.7478,6.6581,265.0,20.0,Cfb,C
774,isomap_1065500,8.05644290442272,0.056517569547803154,6.610304267005637,0.48134613168210394,0.0349729456002,11.4364005366,432.0,49.7703,9.9578,268.0,20.0,Cfb,C
778,isomap_1068500,8.22302152191361,0.06478946815822771,8.37048816595258,0.5927171654909779,0.0285606066087,11.1495454875,372.0,50.3119,11.8758,565.0,20.0,Cfb,C
781,isomap_1072700,7.718824548262004,0.050790147216753276,5.400268457626847,0.42016499503116705,0.0341502851202,7.70271732885,396.0,49.0392,8.365,112.0,20.0,Cfb,C
783,isomap_1073900,8.023985950065534,0.06251123846575678,5.792477356315938,0.5431783618165874,0.0345840248855,18.4702518392,537.0,48.8281,9.2,314.0,20.0,Cfb,C
787,isomap_1077600,8.342323290828842,0.0633169736305412,8.244898684681205,0.6148924232410585,0.0299062442792,16.6055159428,432.0,49.0422,12.1019,365.0,20.0,Cfb,C
795,isomap_1086,7.62222929206846,0.2061749099465915,4.8604410421693585,1.7445141448543329,0.0199958064581,17.2237457201,137.0,44.5647222,-123.26083,76.0,16.0,Csb,C
796,isomap_1086801,8.00375281445182,0.06456097285312251,8.511588040374987,0.6908723408949696,0.0245774407002,7.06090663634,168.0,44.22,11.59,489.0,20.0,Cfa,C
797,isomap_1087,8.202736728352669,0.23397210809367436,9.859323666652305,1.5354063980973531,0.0295763449538,10.8168766457,90.0,44.637,-124.053,45.0,16.0,Csb,C
799,isomap_1089300,7.906096535081474,0.05781370500744164,8.490993708782993,0.596133891522925,0.0270739888363,7.11108462801,198.0,48.545,13.3528,476.0,20.0,Cfb,C
801,isomap_1090800,7.664676125710357,0.19872097528132657,6.761417037497506,1.937043410084962,0.0239322674142,14.0820385193,50.0,47.8747,8.0036,1490.0,20.0,Cfb,C
802,isomap_1090801,8.010860767423333,0.062224476324785415,6.192060854474012,0.5564331389675273,0.0331234130242,12.9697165728,370.0,47.59583333,7.594444444,249.0,20.0,Cfb,C
804,isomap_1092,7.682817916362983,0.189081854662532,0.8315129658434403,2.547892425914813,0.0324564095104,75.9338294335,48.0,40.806389,-104.754722,1641.0,25.0,BSk,B
805,isomap_1092900,8.148249871448726,0.048836336111501795,8.310040992875566,0.5051772367740252,0.0274434950282,11.0152429116,432.0,47.6772,9.19,443.0,20.0,Cfb,C
807,isomap_1096200,8.056507690669338,0.03900026993084125,10.92849536387674,0.464863721783669,0.021241985936,6.94988668308,402.0,47.8008,11.0108,977.0,20.0,Cfb,C
808,isomap_1096300,8.223920866046505,0.0443403431243698,9.609055805481791,0.5178104987644958,0.0248291030261,11.7078655181,431.0,47.4828,11.0622,719.0,20.0,Dfc,D
809,isomap_1103500,7.566365016116539,0.05777276258181177,2.7198223434081688,0.5961929784117935,0.0320308092713,32.7190921318,618.0,48.24861111,16.35638889,198.0,20.0,Cfb,C
812,isomap_1123101,8.04298030602394,0.05005551977699495,9.493195294634804,0.5656047891373887,0.0294018164502,11.5821332475,265.0,46.64833333,14.31833333,450.0,20.0,Dfb,D
813,isomap_1126501,8.175213018834944,0.050730920969818495,13.389487654287718,0.5904108894391201,0.0229043708399,10.8637665428,359.0,46.60305556,13.67138889,2156.0,20.0,Dfb,D
814,isomap_1129001,7.874047670987789,0.05033305180440679,7.497694469366639,0.5295431142044718,0.0302617200749,13.0135761238,355.0,47.07777778,15.44888889,366.0,20.0,Dfb,D
815,isomap_1137901,7.364805497416076,0.14570267011312643,2.572104360256728,1.496616231176217,0.0348291245505,24.1956001902,60.0,48.15,15.15,252.0,20.0,Cfb,C
822,isomap_1160,8.528873475515542,0.5143274028395117,10.287483169483272,1.1262292123913362,0.258700414021,31.1165953703,56.0,25.7325,-80.163236,3.0,55.0,Am,A
823,isomap_1160301,7.699756919820984,0.12455628559694365,8.861489946316013,1.2854445008502542,0.023924153257,12.4290875142,91.0,50.8325,15.14777778,823.0,20.0,Cfb,C
836,isomap_1175,8.21544518313315,0.15914889791429165,19.55798213056771,1.0124166524457754,0.0529085052086,8.11101815779,54.0,-34.07893,149.9133,97.0,27.0,Cfb,C
852,isomap_1187800,7.944611812350977,0.04456837649352539,7.813017172510084,0.5024186181314604,0.0305143952239,9.53623376693,254.0,49.0975,19.59,570.0,20.0,Dfb,D
863,isomap_1195,6.788387127790379,0.33715759536656026,-0.5503876333840743,4.145884356761402,0.00965252873706,23.8148104155,61.0,36.5213,138.3497,1322.0,84.0,Dfb,D
864,isomap_1196,6.878257427493024,0.2080321559933139,0.586685137293261,2.575176979484968,0.0122563648433,14.6590495183,61.0,35.9452,138.4697,1350.0,84.0,Dfb,D
865,isomap_1197,7.212103179470238,0.2135181439533787,4.631153408891123,2.2373853119392635,0.022057764227,24.2456345702,61.0,35.6828,138.5664,304.0,84.0,Dfb,D
867,isomap_1198,7.048774646354415,0.22134748978665872,2.7547437992696735,2.363028172746429,0.019643078809,23.0063699113,61.0,35.7475,138.4166,526.0,84.0,Dfb,D
868,isomap_1199,7.325122109485106,0.3695185406720495,7.770535766211253,3.401993899836918,0.0196811970153,29.0536696597,51.0,35.2231,138.2231,755.0,84.0,Dfb,D
869,isomap_1200,7.367176290496887,0.48709308780339033,3.9926625588518263,5.545747116178387,0.0165335391682,76.9667264534,49.0,36.2511,137.9778,620.0,84.0,Dfb,D
870,isomap_1201,6.813362564762767,0.2405022179478593,-2.0492134937055306,2.771584928235913,0.0171715734142,29.2551601361,61.0,36.5053,137.8703,776.0,84.0,Dfb,D
871,isomap_1202,7.591672307031096,0.2680464229047502,5.302828115215496,3.196330712754601,0.0104288655969,13.4077052253,61.0,36.2533,137.6686,1529.0,84.0,Dfb,D
872,isomap_1203,6.386199016370872,0.28467358470084186,-5.769397943810577,3.504060412858001,0.0101153816734,20.2052123693,61.0,36.7108,138.4947,1594.0,84.0,Dfb,D
873,isomap_1204,6.407356308814784,0.18759418344144513,-5.965105690721419,1.9970170611062767,0.0173065975961,14.4225022291,61.0,36.6317,138.1891,354.0,84.0,Dfb,D
874,isomap_1205,7.147150845874824,0.21391768040114256,1.9755859718296043,2.583218876812481,0.0119416730944,12.7224965938,61.0,36.5317,138.325,1249.0,84.0,Dfb,D
875,isomap_1206,7.002551674812432,0.22190160271231904,1.0913585133289092,2.391910437676981,0.0160186458536,16.2253937818,61.0,36.0455,138.1087,760.0,84.0,Dfb,D
877,isomap_1208,7.997072054114716,0.3061997531388959,10.989720003884127,3.621595442486099,0.00918628018728,12.2538433858,61.0,36.1226,137.6298,1446.0,84.0,Dfb,D
880,isomap_1256500,7.860502312359347,0.037202971979472976,7.055091725486617,0.3831670246844954,0.0287568219263,7.80081616781,465.0,50.06166667,19.84861111,205.0,20.0,Cfb,C
881,isomap_1312701,8.040120217308637,0.09044902920024245,8.479783455675625,0.8389987262039548,0.0311767842841,13.7117076132,182.0,45.80666667,15.97,165.0,20.0,Cfb,C
882,isomap_1312702,7.573239740537118,0.17892170369167204,2.753261652745499,1.6021751259201322,0.0394460873457,39.2257814566,89.0,45.81666667,15.98333333,157.0,20.0,Cfb,C
887,isomap_1351,7.4199566451071295,0.11867077914567131,-11.871863883031496,2.3278147866101975,0.0145985308009,89.0197310017,150.0,50.01,-114.01,1049.0,42.0,Dfc,D
888,isomap_1401500,8.106451698827927,0.07806281580948847,10.29173598634629,0.715946417047222,0.031950182417,16.1497438764,290.0,46.095,14.597,282.0,20.0,Cfb,C
889,isomap_1410501,8.154002614954722,0.23315915609252993,10.021195841023635,1.619204414037726,0.0459009884443,25.5667949557,74.0,45.46666667,13.61666667,2.0,20.0,Cfa,C
905,isomap_1612000,7.65223344429877,0.11802970891244756,7.341205443430828,0.6413717087283607,0.0650486699922,23.9933269196,319.0,44.42,8.85,2.0,20.0,Csb,C
907,isomap_1613401,6.939121450141305,0.23929294463731868,6.365958490272383,1.9866227238816991,0.0291031631058,19.3288432474,52.0,44.09,11.08,842.0,20.0,Cfb,C
909,isomap_1614001,7.121739964807735,0.3113372175002356,1.6454923427503114,2.4528465316073036,0.0365115346968,37.0647655482,48.0,44.52361111,11.33888889,35.0,20.0,Cfa,C
910,isomap_1615801,7.9149856271407435,0.2717069002594323,9.451709233597372,1.449942051849318,0.0541742872934,15.1534531767,60.0,43.71,10.4,12.0,20.0,Csa,C
952,isomap_1668901,7.8399344739012955,0.27504840139485803,9.926451749366098,1.4987648680027654,0.0609495943671,43.8053953883,124.0,38.28,21.79,100.0,20.0,Csa,C
954,isomap_1671601,6.853012824466238,0.19209649883679036,5.629304461824598,1.2643586533102973,0.0528839322497,43.6925171639,137.0,38.05011111,23.866675,498.0,20.0,Csa,C
955,isomap_1671701,6.720184608219714,0.188284227613603,4.757906368503854,1.1016103367549608,0.0646149215924,37.2203076201,126.0,37.97,23.72,107.0,20.0,Csa,C
959,isomap_1702600,6.758817569598389,0.1598510966198511,3.1461046205698264,1.3519936463044087,0.0347230283011,20.445987534,79.0,42.025,35.15833333,32.0,20.0,Cfa,C
960,isomap_1704000,7.391445149558909,0.1453445509590123,9.479250386286248,1.1985700271664903,0.0380760357235,15.8574717093,77.0,41.02444444,40.52,136.0,20.0,Cfa,C
961,isomap_1705000,6.686113582796586,0.22228123885103585,-0.39899137072690277,1.7515813553367954,0.0413684355564,39.6525295008,73.0,41.67805556,26.55916667,48.0,20.0,Csa,C
962,isomap_1709600,7.754758088659534,0.0974349422047429,9.275659893592032,0.9277944473167705,0.0556699940574,22.5619461534,74.0,39.91055556,41.27555556,1758.0,20.0,Dsb,D
965,isomap_1713000,7.383012475487307,0.06930390057686739,5.534716278823795,0.5828485269978237,0.0482755479623,36.6035844628,462.0,39.95,32.88,902.0,20.0,Csb,C
966,isomap_1722000,7.515419428527806,0.3293756948360918,8.989244323357841,1.6839566418471945,0.056840018486,21.6619966531,58.0,38.43055556,27.15111111,120.0,20.0,Csa,C
970,isomap_1728000,7.555996563464773,0.1847798494358831,11.916604691032761,1.3158980994994867,0.0720285883849,37.4708366077,61.0,37.90111111,40.20361111,686.0,20.0,Csa,C
973,isomap_1730000,7.12752892268734,0.14083923021964315,9.805625226578362,0.755421676506417,0.0752882701953,52.0194784393,353.0,36.88,30.7,49.0,20.0,Csa,C
974,isomap_1735000,6.7018274276779035,0.11059372302733704,7.080454309092527,0.5774054850975687,0.0824088203728,35.1560619931,334.0,36.98,35.3,73.0,20.0,Csa,C
983,isomap_2221700,7.90911358155326,0.10637033404598685,2.7236539687906207,1.5656057490653181,0.0186511894409,13.8568427265,60.0,67.15,32.35,26.0,20.0,Dfc,D
987,isomap_2333000,7.911690332490077,0.100174857610489,2.0959107836679705,1.8304557806644355,0.0153664668542,18.8057801485,58.0,66.53333333,66.66666667,16.0,20.0,Dfc,D
991,isomap_2495900,7.8643165888827165,0.10683299774362595,-0.30431410974126927,2.691041182510444,0.0134360376323,54.0709693091,54.0,62.08,129.75,107.0,20.0,Dfd,D
998,isomap_2719600,8.008287796428395,0.12585318076020213,5.252663188481443,1.8347226506493448,0.0196023887626,30.6915136087,91.0,58.65,49.61666667,164.0,20.0,Dfb,D
999,isomap_2740200,8.055326598093126,0.19506090369755624,9.685274048063631,2.540037280380276,0.0255295524455,52.9999375777,61.0,56.9,35.9,31.0,20.0,Dfb,D
1001,isomap_2761200,6.543673027767783,0.29979235111389757,-17.657558780071966,3.610327501981169,0.025040391386,124.168927643,64.0,55.75,37.57,157.0,20.0,Dfb,D
1012,isomap_3190900,7.463850952648352,0.34957021366309604,3.0057097145960343,3.562068617895077,0.0215091038681,44.3644927653,51.0,45.0,136.6,68.0,20.0,Dfb,D
1017,isomap_3374900,7.694805457324788,0.17659690853828017,6.056493450089484,1.7281771522445957,0.0340494567231,25.7456958854,58.0,47.4,28.49166667,78.0,20.0,Cfb,C
1019,isomap_3383870,7.806150160868999,0.14353062930540395,8.205084419322644,1.3061715907519793,0.0375325920414,18.3947535225,70.0,46.96666667,28.9,125.0,20.0,Cfb,C
1020,isomap_3383880,7.622326340737251,0.1715197439867921,4.8448090966104385,1.763677646463137,0.0391542001475,42.8130194842,64.0,47.7,27.88333333,231.0,20.0,Cfb,C
1021,isomap_3388100,7.80440982024866,0.17657274333828413,7.271710675708979,1.7197879286723698,0.0381855969673,33.5148208568,63.0,46.49722222,28.3,156.0,20.0,Cfb,C
1022,isomap_3388500,7.685500119896039,0.1259475734847913,6.3811648301720405,1.141743820006277,0.0374780260663,13.6192055627,67.0,45.8,28.2,113.0,20.0,Cfb,C
1023,isomap_3400900,8.344216440906091,0.23712035227015707,5.809527238512527,2.301184729825083,0.0275600700725,25.7034156686,56.0,51.73333333,36.26666667,210.0,20.0,Dfb,D
1026,isomap_3488000,7.554986228599284,0.1500644002474242,0.43301588073357694,1.3898023428406114,0.0496817864489,57.9263735804,106.0,46.25,48.03,-18.0,20.0,BSk,B
1028,isomap_3752400,7.9852632421204275,0.0949048380389908,14.382531492385858,1.1325820250610426,0.0358698549046,22.0629414554,77.0,41.71,43.51,1665.0,20.0,Dfb,D
1029,isomap_3754900,7.808137994488301,0.1219453944901186,9.772317540618372,0.979785966675367,0.0595583901346,20.0783540413,71.0,41.68,44.95,490.0,20.0,Cfa,C
1053,isomap_4015301,7.665664806020833,0.6615481588066888,19.724608801846404,4.161454458318121,0.0260485838404,38.1607551512,54.0,32.97,35.5,964.0,20.0,Csa,C
1054,isomap_4017900,6.551401072619314,0.272329380141719,10.699965456301392,1.253706719808142,0.0754782562414,59.529615303,168.0,31.99730278,34.81616111,39.0,20.0,Csa,C
1057,isomap_4025500,7.151060681203292,0.34172477615514285,16.018782044931967,2.085859243580137,0.0498331668941,43.842814158,68.0,32.53,35.85,555.0,20.0,Csa,C
1058,isomap_4025501,6.740187051346301,0.3755069960601866,12.948906035688259,2.2989705898279493,0.0531879555579,47.1502266899,49.0,32.55,35.85,616.0,20.0,Csa,C
1063,isomap_4026601,7.632269851224885,0.498117333272072,20.3757559978387,3.3252524862465496,0.0276630483671,36.7526106859,65.0,32.36666667,35.75,1150.0,20.0,Csa,C
1079,isomap_4075400,6.848981539523103,0.14056250693839734,3.878241624051884,0.9300530560277587,0.106433656306,83.8523732893,136.0,35.68,51.32,1200.0,20.0,Csa,C
1081,isomap_4094900,7.482259390140199,0.14325119435610364,13.27490819500544,1.1318322520413426,0.0845065769657,62.9980149937,86.0,34.57,69.21333333,1860.0,20.0,Csa,C
1082,isomap_4115001,6.283890047978494,0.27706819108385017,8.755860315303433,0.7765647940811768,0.392233081632,85.461218615,95.0,26.27,50.62,2.0,20.0,BWh,B
1086,isomap_4192300,7.831836090219098,0.14228928552980835,7.6991348851913735,0.8213395751354907,0.102659211437,15.0376521941,50.0,23.95277778,90.27916667,14.0,20.0,Aw,A
1101,isomap_4218200,7.416845406358736,0.09642680350135509,4.962959362233079,0.5102697833457246,0.160888886145,69.4993984207,304.0,28.58,77.2,212.0,20.0,BSh,B
1121,isomap_4331400,7.770103583695938,0.10340863305166131,9.839035814579065,0.4749172526343944,0.121332850858,7.99358755575,85.0,11.25,75.78,20.0,20.0,Am,A
1131,isomap_4343600,7.9780794940996484,0.2890159591683223,11.852079151245114,1.2816782673626175,0.093901629733,20.2692308371,51.0,7.72,81.73,5.0,20.0,Am,A
1137,isomap_4346600,8.449684589686289,0.294001060854031,11.415843309092052,1.1794160375312406,0.110564328498,21.5648585587,61.0,6.906666667,79.87,7.0,20.0,Af,A
1138,isomap_4346601,7.7527057516916305,0.11216309117549475,10.55872888174798,0.5121424792765675,0.0984947204159,5.2803846864,70.0,6.9506,79.8795,5.0,20.0,Af,A
1139,isomap_4347300,8.374535456805692,0.18568854980157806,15.845688633031768,1.204176424540553,0.0595950503913,13.3375268151,50.0,6.966666667,80.76666667,1880.0,20.0,Af,A
1145,isomap_4500400,8.27825673046279,0.06788253506810717,12.054759139944286,0.3822736319020086,0.0790002250977,17.8825848941,494.0,22.31666667,114.1666667,66.0,20.0,Cwa,C
1146,isomap_4713101,8.949213131463361,0.2129478634195161,21.21261055805009,1.7912877921390207,0.0280937047155,37.2066079969,185.0,36.62,127.46,62.0,20.0,Dwa,D
1147,isomap_4713800,9.096087297252009,0.3492477359932275,20.23877272925282,2.6349328673931085,0.0363250640412,63.2094784415,110.0,36.03,129.38,6.0,20.0,Cfa,C
1148,isomap_4751300,8.043838313361556,0.17458012258218067,13.427874887759828,1.494086657751262,0.0279925924025,32.2279740111,192.0,39.03,141.81,260.0,20.0,Cfb,C
1149,isomap_4766200,7.789608684565365,0.24764807918223242,11.21647068035019,1.8166199254430015,0.0345134730433,54.2320063638,183.0,35.68,139.77,4.0,20.0,Cfa,C
1151,isomap_4845500,7.5706037538060675,0.08208440207780625,6.4204302414929675,0.48715520386787253,0.0725156478533,26.0111579007,417.0,13.73,100.5,2.0,20.0,Aw,A
1154,isomap_4860000,6.512441928211144,0.6121766410527535,3.102284904591969,3.8956013022143674,0.0568374037979,178.084772382,51.0,6.329722222,99.73,31.0,20.0,Am,A
1155,isomap_4860300,7.80399969188138,0.29300389422122236,12.45599543025865,1.941973673902092,0.0374604502112,26.1765437273,79.0,6.2,100.4,5.0,20.0,Am,A
1157,isomap_4861500,8.59502799486261,0.6498104148071224,12.485048716219996,4.021255702263848,0.0370263823771,97.6088315578,91.0,6.166666667,102.2833333,7.0,20.0,Af,A
1159,isomap_4863200,9.123683320754758,0.40753300726851355,27.30428652047054,3.843300026546097,0.0215594723375,32.9666999192,50.0,4.466666667,101.3833333,1430.0,20.0,Af,A
1160,isomap_4864701,8.58485081357322,0.288961481342153,14.770654529771786,2.0970723348595532,0.0331930947117,45.2551390202,145.0,2.883333333,101.7833306,26.0,20.0,Af,A
1164,isomap_4869400,7.678047951104546,0.1900139960152069,10.711037064122696,1.421918882872849,0.0297852183421,7.51006202384,52.0,1.35,103.9,32.0,20.0,Af,A
1167,isomap_5074500,7.686185976537626,0.15202189364775326,1.3635500662153244,2.5419041637777773,0.0256816433003,74.954702091,50.0,47.38333333,123.9166667,147.0,20.0,Dwa,D
1170,isomap_5182801,7.308561029050946,0.1687020910986096,4.553658291838267,2.3464118853933384,0.0312660771851,185.896845537,131.0,43.78,87.62,918.0,20.0,Dfb,D
1171,isomap_5265200,7.0555311569832515,0.1946190813251808,-1.7992947374229897,2.236435106855649,0.0503823675051,201.892161948,86.0,38.93,100.43,1483.0,20.0,BWk,B
1175,isomap_5369800,6.681680064224386,0.21650992977264374,-1.1147217258757647,1.8018758717375678,0.0454386960907,110.521020763,146.0,38.03333333,114.4166667,80.0,20.0,Cwa,C
1181,isomap_5452700,7.136425054789027,0.32096696207539366,4.386179224491091,2.5005849315137856,0.0464184395845,79.3234971887,64.0,39.1,117.1666667,3.0,20.0,Dwa,D
1182,isomap_5452701,6.648604936977723,0.2316840769523278,-2.836293734753998,2.0767165598993267,0.0435599248942,63.9476256751,60.0,40.67,109.85,1067.0,20.0,BSk,B
1184,isomap_5629400,7.261496558404325,0.25913320017387104,-0.7750881080595128,1.6488835500357157,0.0838742156371,74.2007070692,67.0,30.67,104.02,506.0,20.0,Cwa,C
1185,isomap_5677800,6.993701571112931,0.17946856493073815,0.43969536191050546,1.5943339118196505,0.0511144507237,118.109885357,151.0,25.01666667,102.6833333,1892.0,20.0,Cwb,C
1186,isomap_5703600,7.95858211371857,0.3068498218960333,9.54967593341849,2.414090333521265,0.0453891620826,58.088553699,60.0,34.3,108.93,397.0,20.0,Cwa,C
1187,isomap_5708300,7.376227254365244,0.36135978935630125,1.3173116132171705,2.5482116440223557,0.055161656542,81.5621980119,57.0,34.72,113.65,110.0,20.0,Cwa,C
1188,isomap_5749400,8.57271140235467,0.3965349751307475,8.648604072984016,2.540894216485397,0.060457892878,57.7209514133,50.0,30.62,114.13,23.0,20.0,Cfa,C
1190,isomap_5767900,8.614641595054584,0.21106186972051036,16.223630711649275,1.3345625739086422,0.0694667584615,22.77276967,57.0,28.2,113.0666667,37.0,20.0,Cfa,C
1191,isomap_5771300,8.208824441686748,0.2726661936642617,12.660411263191872,1.9926096504073592,0.0656408659809,80.611849978,73.0,27.7,106.88,844.0,20.0,Cfa,C
1192,isomap_5781600,8.949542267626205,0.16471478863025468,22.92902036318169,1.2699981975465946,0.059137867951,20.7046186107,58.0,26.58333333,106.7166667,1071.0,20.0,Cwa,C
1193,isomap_5795700,8.515430146816934,0.13257430049395869,17.532745226478227,0.8546992209911058,0.0644553708295,13.6605003468,91.0,25.07,110.08,170.0,20.0,Cfa,C
1194,isomap_5823800,8.711080697877406,0.21401563114908195,19.309109314988483,1.6639469812819259,0.0381057366888,16.4014419817,58.0,32.18,118.18,26.0,20.0,Cfa,C
1195,isomap_5884700,8.698097325750398,0.2997483299552444,14.564015205392323,1.8555854974369237,0.0664718918916,48.0819170491,71.0,26.08333333,119.2833333,16.0,20.0,Cfa,C
1196,isomap_5904600,7.685182263971753,0.33437729998729154,4.1544028142984795,2.105705499070926,0.0711208226116,64.5111226104,53.0,24.35,109.4,97.0,20.0,Cfa,C
1197,isomap_5928700,9.269134759955305,0.4397681876974477,17.207677378610768,2.670950824224121,0.0637661888088,73.0665123766,64.0,23.13,113.32,7.0,20.0,Cwa,C
1198,isomap_5975800,7.896974574298898,0.2838973131757482,8.433851405357967,1.83425246261707,0.067057625627,48.3275315545,58.0,20.03333333,110.35,15.0,20.0,Cwa,C
1199,isomap_6002000,7.020272176920707,0.35293237697692637,4.8831546441146045,0.8604666907785672,0.365024331719,52.4987699754,67.0,28.45,-16.25,36.0,20.0,Csb,C
1202,isomap_6014100,6.439408065250071,0.25290012681244345,4.361047257949441,1.2519135156851229,0.086584832559,41.7375043197,80.0,33.96666667,-4.983333333,571.0,20.0,Csa,C
1205,isomap_6036903,4.761814124311213,0.28038257810209255,-7.196529873528106,1.353020983024226,0.143958292281,135.757535346,69.0,36.78,3.052222222,180.0,20.0,Csa,C
1209,isomap_6071500,6.087004073276909,0.15865363963826043,1.1901999146401723,0.6825891769764133,0.118851523951,48.4269292326,208.0,36.83,10.23,4.0,20.0,Csa,C
1211,isomap_6075000,6.745077551424583,0.18318088050577025,4.294840295454698,0.8413063841993513,0.123942352966,57.8293902237,156.0,34.71666667,10.68333333,23.0,20.0,BSh,B
1220,isomap_6129100,6.607671509398964,0.1287735249528334,1.4735039305720152,0.6213677517854762,0.175568029758,56.6175050247,144.0,12.69325,-7.995494444,381.0,20.0,BSh,B
1225,isomap_6190000,6.757904651881505,0.2548283034547849,8.71244891989785,0.18920571132073558,0.739143242274,16.3011893907,335.0,-7.92,-14.42,15.0,20.0,N,N
1226,isomap_6190100,10.93172923983793,2.007112122479273,17.606359838857557,2.75428845174383,0.101679805747,18.0680592062,71.0,-15.97,-5.7,604.0,20.0,N,N
1227,isomap_6190201,6.474411627882646,0.502226637495747,10.477274152447054,0.36675968985266516,0.776936665885,12.5277164578,63.0,-7.944444444,-14.37277778,400.0,20.0,N,N
1228,isomap_6193100,7.004627350496446,0.28933961277076603,7.134722748803241,0.9648419369549683,0.168273711115,44.4719178524,93.0,0.38,6.72,8.0,20.0,As,A
1229,isomap_6196700,7.660380020012863,0.1511822523697108,7.760000985772619,0.6432959636394373,0.0992123809351,30.0366128001,274.0,-7.315277778,72.42805556,1.0,20.0,N,N
1230,isomap_6198001,9.264692816293547,0.32082386219282516,14.5199248362179,0.9353010284626015,0.182225602696,31.3751676792,111.0,-20.901,55.484,70.0,20.0,N,N
1242,isomap_6230100,6.4370773829031025,0.19405477105168092,7.6888147453013325,0.7844561727302086,0.124566739257,31.1089075292,110.0,31.62,25.95,24.0,20.0,BWh,B
1245,isomap_6231800,6.822610416746491,0.3574128931019401,10.64020227689156,1.3713740647392088,0.105071818869,42.2807335083,77.0,31.18333333,29.95,7.0,20.0,BWh,B
1258,isomap_6345000,7.469205021186748,0.11967787962568688,11.964686226445973,0.30055593066469655,0.451954219581,37.4604460022,341.0,9.0,38.73,2360.0,20.0,Cwb,C
1279,isomap_6368200,6.651982362066531,0.20231095705744995,9.062854477806576,0.5959053714775989,0.355439261327,25.0900502592,53.0,0.453055556,33.195,1181.0,20.0,Af,A
1280,isomap_6370500,7.716804820489605,0.16302795952248364,11.770374594342616,0.46437593802895594,0.236325658997,27.8954211689,209.0,0.05,32.45,1155.0,20.0,Am,A
1288,isomap_6389400,7.933849434920939,0.3036995544930716,8.752059499774353,0.7844571034827247,0.213430659117,32.0865030885,117.0,-6.88,39.2,55.0,20.0,Aw,A
1290,isomap_6422000,8.183409111426304,0.30763823981095817,14.100513547251055,1.364037952512729,0.096178524787,26.7178046844,59.0,-4.37,15.25,438.0,20.0,Aw,A
1291,isomap_6465001,7.641862202839202,0.21787019914800915,11.358817902944294,0.620031744840876,0.350698241588,24.7969260649,61.0,4.377083333,18.56247222,363.0,20.0,Aw,A
1292,isomap_6465002,7.829408857432865,0.25808968085054296,12.994849886037416,0.7638670249816788,0.289248730941,26.2516830754,53.0,4.365694444,18.58725,386.0,20.0,Aw,A
1293,isomap_6470000,6.522025019166416,0.1713366857429098,4.524703165131545,0.7634946858675323,0.232500045077,57.6164316868,73.0,12.13,15.03,294.0,20.0,BSh,B
1295,isomap_6491001,7.744548207966429,0.25436758519956987,10.211577005636343,0.7581412133410049,0.15526437787,16.0698280034,84.0,4.036666667,9.734166667,18.0,20.0,Am,A
1297,isomap_6534403,7.364104132196804,0.20049240477225305,9.87789174921191,0.680119775253126,0.123105041211,10.0315518321,75.0,6.417169444,2.329255556,14.0,20.0,Aw,A
1303,isomap_6621500,8.23401787140001,0.2422290733693531,12.952040611531768,1.1192992050082733,0.102445191122,22.0305650126,61.0,-9.55,16.37,1139.0,20.0,Aw,A
1306,isomap_6708500,8.255694431274831,0.16912410943920494,15.189667841556128,1.089676055946619,0.0807778460161,28.5076074756,74.0,-18.9,47.53,1300.0,20.0,Cwb,C
1309,isomap_6756100,7.777482463504385,0.11118291317715052,9.82781729677841,0.6718373600266923,0.0753492449866,18.3101320377,145.0,-13.0,28.65,1331.0,20.0,Cwa,C
1310,isomap_6777400,7.572847262591171,0.12634794087132575,11.00176815437595,0.6600701675788943,0.120015132561,42.6283627574,188.0,-17.83,31.02,1471.0,20.0,Cwa,C
1311,isomap_6811000,7.443657799766601,0.19485318484214678,8.836635887826294,0.9411191843106296,0.165584130558,64.9391222869,92.0,-22.94805556,17.1525,1685.0,20.0,BSh,B
1313,isomap_6826200,7.342606985671054,0.23380026159663955,10.115676055151402,0.844675085986065,0.169463030749,65.6904369208,168.0,-25.73,28.18,1330.0,20.0,Cwa,C
1314,isomap_6881600,5.3302160837869685,0.16731183391017487,4.989977443159084,0.5446470656900455,0.18543506889,56.4273386125,236.0,-33.97,18.6,44.0,20.0,Csa,C
1315,isomap_6881601,6.343870976607135,0.27502816650535256,7.7198355833342385,0.8678235356680231,0.149302468667,50.0818675221,151.0,-33.95833333,18.46111111,105.0,20.0,Csb,C
1316,isomap_6890600,7.1811158556006935,0.2372703427517097,6.4157130027831855,0.9375989370870543,0.0606625819076,17.6996159434,193.0,-40.35,-9.88,54.0,20.0,N,N
1317,isomap_6899400,7.198840596382158,0.32013776947954936,4.447916948510209,1.4901479645441484,0.0560219899499,51.7371963639,200.0,-46.88,37.87,26.0,20.0,N,N
1319,isomap_7021900,6.078921115720528,0.21998545554256865,-22.53092057686885,2.883444180978017,0.0215443861359,56.7581047483,48.0,60.78,-161.8,41.0,20.0,Dfc,D
1320,isomap_7045400,7.682004744953499,0.41071618494299483,4.094445341527759,3.7262133785598017,0.0203123425217,39.7733789927,60.0,51.88,-176.65,4.0,20.0,Cfc,C
1321,isomap_7107200,7.45170826950471,0.1775452823655312,-5.622801311789208,4.908200005876108,0.00776856817516,84.4758384705,58.0,76.23333333,-119.2833333,15.0,20.0,ET,E
1322,isomap_7108100,7.904877959892158,0.14154248376503728,7.226545164138167,3.8212337697371903,0.0105073911759,77.590085078,55.0,68.78666667,-81.25,8.0,20.0,ET,E
1324,isomap_7108200,7.69813782008195,0.12474501991118322,4.073151541773843,3.9136382069272218,0.00607436558764,40.2362878166,58.0,82.5,-62.33333333,62.0,20.0,ET,E
1325,isomap_7116301,7.686096385337778,0.07777695963497866,-0.5751955189582765,1.8687936916518595,0.00774800076286,16.2827528749,106.0,63.52,-116.0,241.0,20.0,Dsc,D
1328,isomap_7129600,7.402932037408353,0.1162802281718513,4.880710233476875,1.3821067923095114,0.0266315821254,14.3527954525,54.0,44.23,-79.77,251.0,20.0,Dfb,D
1329,isomap_7129901,7.7427582299485485,0.0563037811297783,6.847433603367428,0.8958206541151731,0.0210167834985,17.9819521866,158.0,49.38,-82.12,245.0,20.0,Dfb,D
1330,isomap_7139800,7.413816977738258,0.19873995002179498,4.593533120535605,1.9443635984269285,0.0302195210072,42.7825113172,91.0,45.37,-63.27,40.0,20.0,Dfb,D
1331,isomap_7140801,7.845614758172527,0.10187584003976555,10.033640183569478,0.9828290122916251,0.0278893356605,14.3630769427,155.0,47.98,-55.82,22.9,20.0,Dfb,D
1332,isomap_7152700,7.967715610227129,0.15784722715974187,11.086542079740715,1.7189429298840657,0.0332919709105,37.8924607131,78.0,42.85,-80.27,240.0,20.0,Dfb,D
1333,isomap_7156900,7.99511234980335,0.08248301533246198,7.147188373110446,1.4677817288951618,0.016830429238,17.5118873458,75.0,50.12,-104.42,580.0,20.0,Dfb,D
1334,isomap_7162800,7.720658926331614,0.05865432825070129,8.473717604687643,0.7038798933542818,0.0277544570223,32.7572557225,457.0,45.32,-75.67,114.0,20.0,Dfb,D
1335,isomap_7170201,7.717130597738581,0.08329275258257915,7.984239837900139,0.9181647552837722,0.0267297753106,15.5413468853,160.0,46.29,-64.15,39.6,20.0,Dfb,D
1336,isomap_7172000,7.834693896212405,0.1101310525956568,11.051748102068942,1.4929904950193973,0.0236933177471,23.2938270906,80.0,46.05,-74.28,395.0,20.0,Dfb,D
1337,isomap_7174800,7.888204076525109,0.08918977924446508,8.28356743651983,1.4817339681618886,0.0234408038034,30.4923219292,75.0,48.75,-91.62,393.0,20.0,Dfb,D
1338,isomap_7179900,7.835008859291091,0.38940460460262577,1.708438652553818,3.6921086318246514,0.0189467910761,41.8606546075,70.0,48.65,-123.43,20.0,20.0,Csb,C
1339,isomap_7181600,7.705971199593898,0.08264176201128991,6.024644504463015,1.2996607311871649,0.0149164346703,25.2123130889,209.0,53.32,-60.42,46.0,20.0,Dfc,D
1340,isomap_7182400,7.849401318603994,0.0534001744196935,9.833274046711818,0.8485201490077118,0.0187487128802,12.9525322328,162.0,49.82,-74.97,381.1,20.0,Dfc,D
1341,isomap_7185001,7.880876129524722,0.052051177763311064,8.436099897188756,0.8365885112804835,0.0222407495425,17.2913694403,157.0,49.67,-93.72,420.0,20.0,Dfb,D
1342,isomap_7185600,7.690252782172345,0.08229807466713926,3.6845830978908056,1.4839656680339088,0.0198486746121,25.70003,72.0,50.62,-96.98,223.0,20.0,Dfb,D
1343,isomap_7186500,7.733520202627976,0.13099862103035328,1.6321213548895324,2.503562083916566,0.0163660952944,55.566050754,72.0,51.77,-104.2,561.0,20.0,Dfb,D
1344,isomap_7186601,7.872854587710273,0.12307533473012772,0.38118943683055706,2.158932791542997,0.016588927274,79.6428997271,163.0,52.141,-106.6244,502.0,20.0,Dfb,D
1345,isomap_7186700,7.630792498067473,0.10236985478087049,0.8076601418088803,2.0287827376330587,0.0142517011704,29.5215480797,70.0,53.97,-101.1,272.0,20.0,Dfc,D
1346,isomap_7187701,7.996138018283708,0.16170447089137507,5.304578693260247,3.3344284433072846,0.0116239013548,89.2849616755,116.0,51.01666667,-114.0166667,1049.0,20.0,Dfc,D
1347,isomap_7187900,7.762623074033994,0.15258452442284498,0.9656647969142607,3.0554484783265514,0.0141787555318,48.0839519702,51.0,53.57,-113.52,671.0,20.0,Dfb,D
1348,isomap_7191300,7.670611354219237,0.17490952803052082,2.5082270348699143,3.688609169547853,0.0133568389581,76.7871388769,56.0,58.75,-94.06,5.0,20.0,Dfc,D
1349,isomap_7191400,7.659668216371001,0.12171892511289649,3.2706909899272776,1.276858655057365,0.0188373822374,12.3675375258,141.0,48.78,-123.13,178.0,20.0,Csb,C
1350,isomap_7191700,7.595305368402762,0.18365170153296642,-4.204332687530329,5.753611039690087,0.00707293662868,113.354939371,55.0,80.0,-85.56,10.0,20.0,ET,E
1351,isomap_7192400,7.98587806707583,0.16883831312725336,9.329486318474489,4.82577841094794,0.00805768022295,86.3951802146,59.0,74.72,-94.98,67.0,20.0,ET,E
1352,isomap_7192500,7.708632464303131,0.0978685986645134,2.0866957118194533,2.5878371007372296,0.00815064145255,22.6113555516,58.0,69.1,-105.1166667,27.0,20.0,ET,E
1354,isomap_7193401,6.916361272809013,0.21173811482965565,-17.090485216653274,4.700774895077724,0.00981599497809,89.3333006081,58.0,62.28,-114.27,205.0,20.0,Dfc,D
1356,isomap_7196400,6.644616865313688,0.1869921514843766,-24.320121952661015,4.1082270260652916,0.00876602763745,88.3630271861,91.0,60.72,-135.07,702.0,20.0,Dsc,D
1358,isomap_7222071,7.485498151031231,0.14844465981374955,-0.49819196881209254,2.1831448316220428,0.0248858801925,47.5630681572,56.0,40.008,-105.2682583,1660.0,20.0,Dfb,D
1360,isomap_7225600,6.9452253372702675,0.22414435141547104,6.193039548718067,1.0234829241026517,0.115129243342,44.2365861762,96.0,31.62,-97.22,156.0,20.0,Cfa,C
1361,isomap_7227401,7.327909501034558,0.11910805303328158,3.8553169660405406,0.9283071373953656,0.0505083832526,49.4999967565,256.0,32.2361,-110.9439,753.0,20.0,BSh,B
1362,isomap_7230400,6.919507022816628,0.3170844671181111,7.38984384114352,1.3219993108926822,0.0817366006427,33.7150422515,93.0,35.27,-75.55,3.0,20.0,Cfa,C
1363,isomap_7237500,6.562327874488093,0.22348184742428306,-10.464657370229295,2.078989250529544,0.051799022761,155.870009559,97.0,35.13,-111.67,2137.0,20.0,Csb,C
1364,isomap_7239400,6.659342412755838,0.3606336523730789,2.0123657583320544,1.7218224772951531,0.100202656798,69.5276337018,60.0,34.9,-120.45,79.0,20.0,Csb,C
1365,isomap_7252101,7.6554348534208305,0.16137683293554397,9.942619845323472,1.3659942316579055,0.044127153949,22.6118219908,64.0,40.37,-81.8,344.0,20.0,Cfa,C
1366,isomap_7253400,7.192277016136292,0.11784131712852378,1.6139224696665821,1.0195367452426438,0.0611908525595,69.3830026057,169.0,41.78,-87.75,189.0,20.0,Dfa,D
1370,isomap_7420500,7.38718050367374,0.34421080742871035,1.6013810707701912,2.520561221223217,0.0353007238477,30.6996050302,48.0,47.67,-124.48,21.0,20.0,Cfb,C
1371,isomap_7500001,7.737537660506864,0.5044122316447122,7.818435768218887,1.696696265993875,0.117830791807,37.6557041714,53.0,35.0,-48.0,0.0,20.0,N,N
1372,isomap_7622500,7.457022717610224,0.1710765492816234,4.899226190215856,1.263741275202976,0.0579271492517,51.4561321581,125.0,28.63,-106.07,1423.0,20.0,BSk,B
1373,isomap_7669200,7.560031106937411,0.20507803964913687,8.269525802234597,0.7981592576647798,0.183042652187,57.4888710964,136.0,19.2,-96.13,16.0,20.0,Aw,A
1384,isomap_7837401,7.970765875520347,0.19624887212885606,9.192063240920485,0.5287929126811225,0.195140221229,15.8815339603,140.0,23.05,-82.21666667,137.0,20.0,Am,A
1385,isomap_7848601,8.854497769665885,0.24569312572668855,12.894940101265803,0.7585512293150154,0.167140755939,16.4889835949,88.0,18.47,-70.02,60.0,20.0,Aw,A
1390,isomap_7866300,8.162292282658198,0.18694597413567637,10.939746299108936,1.27749882257373,0.0462061218423,15.437045603,73.0,13.7,-89.12,615.0,20.0,Aw,A
1392,isomap_7870802,8.944849932426537,0.17533285090446862,17.33680241166958,0.8473023476452324,0.106774051019,12.0461864425,57.0,14.93894444,-88.02145,652.0,20.0,Am,A
1418,isomap_7880600,7.5365998607347535,0.0878704195617108,6.049375821790755,0.4521625160980686,0.111164635357,18.6093604444,203.0,8.92,-79.6,13.0,20.0,Am,A
1420,isomap_7895400,7.428784186092079,0.17819289320155465,7.677626385267437,0.3705389978808547,0.384118687352,25.5335857731,211.0,13.07176111,-59.48972222,50.0,20.0,N,N
1421,isomap_8002800,7.406592239630124,0.15248781438995532,3.89747567677384,0.7968445217995029,0.0914711528561,18.8763649732,89.0,10.88,-74.78,14.0,20.0,Aw,A
1423,isomap_8004401,7.735962485640272,0.1001931966421315,6.967584676393393,0.5894222888472164,0.0799943258338,12.4208999257,119.0,9.357072,-75.289167,198.0,20.0,Aw,A
1438,isomap_8022200,8.265633454784975,0.11287456500144186,12.27102735038354,1.1378667962549045,0.0407817123917,70.3062626763,272.0,4.7,-74.13,2547.0,20.0,Cfb,C
1454,isomap_8041300,6.427638123269391,0.5204688071207234,-1.7074771835142744,2.1370078040736953,0.126136513469,105.639863186,48.0,10.25,-67.65,442.0,20.0,Aw,A
1455,isomap_8140500,6.346255454267348,0.37736277398352086,5.3729409916654145,0.938646662500065,0.173574064778,21.479215849,60.0,4.83,-52.37,8.0,20.0,Af,A
1467,isomap_8210201,8.037207898248141,0.30229620544866276,10.811787571063658,1.4275961351126116,0.106691698501,41.9622054084,62.0,-0.121944444,-67.14916667,74.0,20.0,Af,A
1468,isomap_8210600,8.28801424512926,0.19565567853570262,10.854644333308899,0.8561602331211667,0.116163539215,21.3065681606,89.0,-0.13,-67.08,87.0,20.0,Af,A
1469,isomap_8219100,7.616365690943678,0.16258285594831093,7.922248774045863,0.5119320916035438,0.230466789313,37.6532770054,207.0,-1.43,-48.48,24.0,20.0,Af,A
1472,isomap_8233100,8.333893194157401,0.12052814859787633,13.75293219644329,0.5848937618533832,0.102346522963,16.3205816383,156.0,-3.12,-60.02,72.0,20.0,Af,A
1474,isomap_8239700,8.25673305787183,0.2805973945897761,10.346226880915737,0.692300338417575,0.23475997109,21.1747958836,96.0,-3.72,-38.55,27.0,20.0,As,A
1477,isomap_8259800,8.508848857472776,0.373155282265393,10.408502173400139,0.7367827040098852,0.268295155099,25.1233226878,113.0,-5.8,-35.2,8.0,20.0,As,A
1485,isomap_8282500,7.940558367269665,0.1501596604807013,9.734470621753816,0.9427421490654023,0.0909335840254,25.9792029765,72.0,-8.77,-63.92,105.0,20.0,Am,A
1487,isomap_8322900,8.976337063030106,0.3716163606897136,12.181984136281077,0.6996130958950644,0.265577046209,19.2511777371,112.0,-13.0,-38.52,45.0,20.0,Af,A
1488,isomap_8336101,7.7907882161490924,0.12115880266971228,8.907286057679611,0.6785735863062059,0.112102327453,42.8658094023,187.0,-15.6,-56.1,165.0,20.0,Aw,A
1489,isomap_8337800,7.9636756613809,0.15212268851516667,11.271347863045076,0.7714468316802808,0.110007832826,27.2328102033,115.0,-15.85,-47.93,1061.0,20.0,Aw,A
1490,isomap_8358301,8.077949525035995,0.09737706837982171,12.943223069615186,0.6053372679293162,0.0767699494472,5.58459485213,53.0,-19.87086111,-43.96733333,857.0,20.0,Aw,A
1492,isomap_8374300,8.636646933512727,0.24914763221434463,14.789273290506767,1.03054237209653,0.0951845170379,27.7027826374,132.0,-22.9,-43.17,26.0,20.0,Am,A
1494,isomap_8396700,8.220002092606121,0.19586129246669964,13.216255402447347,1.0069766846728674,0.0654483171368,26.5573787181,172.0,-30.08,-51.18,7.0,20.0,Cfa,C
1495,isomap_8400101,8.158933067597689,0.27002600071809113,10.192178116507012,0.590899210466253,0.191458658337,14.3690234885,143.0,-0.694444444,-90.325,194.0,20.0,N,N
1497,isomap_8404400,8.138176860745224,0.0693809253570123,12.50675582007135,0.8037859129358823,0.0262356130925,16.7620778028,230.0,-0.37,-78.55,3058.0,20.0,Cfb,C
1501,isomap_8407301,8.124922254714843,0.06886642432984103,11.533655101779798,0.8024813504682518,0.0260347506496,11.6012147124,160.0,-0.166666667,-78.48333333,2789.0,20.0,Cfb,C
1517,isomap_8437701,8.61177753917855,0.15723702694475844,14.30336736017036,1.0708095115087244,0.0672549368259,14.859870069,54.0,-3.823991667,-73.377425,98.0,20.0,Af,A
1522,isomap_8457001,8.259928741716706,0.10654389198425877,18.460603651581827,1.5388959170364194,0.0227384303527,18.161173719,61.0,-11.40438889,-76.32505556,4477.0,20.0,ET,E
1545,isomap_8520101,8.25825157576166,0.08730041885684087,15.170598236516371,1.1357957375614605,0.0284902395175,26.0561125533,126.0,-16.49888889,-68.12305556,3635.0,20.0,ET,E
1564,isomap_8546900,7.1352643099987585,0.17164256487084592,6.867796743778055,0.49368933397034315,0.254125474003,53.2627197796,281.0,-27.17,-109.43,41.0,20.0,N,N
1566,isomap_8557700,8.636624536606961,0.23710617423414368,15.277223735876335,1.857235649036883,0.040643965183,39.6674761902,97.0,-33.45,-70.7,520.0,20.0,Csb,C
1571,isomap_8580100,7.015491334997166,0.1181464623423922,2.675854725794081,0.7596960647417669,0.0512982734891,26.0320805688,257.0,-41.47,-72.93,13.0,20.0,Cfb,C
1573,isomap_8586400,7.262314931809901,0.17799329190050486,-2.7163573496119655,2.002733327524888,0.0207360663626,37.2629290826,117.0,-45.35,-72.07,310.0,20.0,Cfc,C
1574,isomap_8593400,6.399950761347695,0.117468137334787,-13.943496947472244,1.1352790839865126,0.0355991639063,62.7596874836,241.0,-53.0,-70.51,37.0,20.0,ET,E
1580,isomap_8704700,7.7389179715482,0.22090493854338386,11.302203847272562,1.2155402181348602,0.103091376702,44.9352909368,72.0,-24.78,-65.4,1187.0,20.0,Cwa,C
1588,isomap_8734501,7.341269541815893,0.3638744882448211,7.305967398366093,2.195924864552972,0.0526660594932,36.0349166334,48.0,-30.58,-64.58,900.0,20.0,Cwa,C
1589,isomap_8737401,8.35420765243595,0.25382140090175653,14.444447544342895,1.3306278452745508,0.0857767762221,21.8661543443,49.0,-31.75,-60.73,16.0,20.0,Cfa,C
1590,isomap_8742000,8.124409204063946,0.38006466611088396,4.241288976465002,2.4319764707208624,0.0764735605068,100.244596804,57.0,-32.88,-68.85,827.0,20.0,BWk,B
1593,isomap_8745301,8.398425875091583,0.23613387081053988,15.895419838313941,1.2790859510687773,0.0705150253722,17.2217041074,57.0,-33.11011944,-64.24918333,435.0,20.0,Cwa,C
1594,isomap_8755000,8.478981838134766,0.3197630865699512,9.425046377069156,2.017947160765307,0.0682361521288,48.713586803,54.0,-38.47,-62.16,5.0,20.0,Cfa,C
1596,isomap_8757601,8.148399065824595,0.15693011947588933,12.302912569089667,0.86675724614199,0.0631626922594,29.0787293795,238.0,-34.38,-58.28,5.0,20.0,Cfa,C
1602,isomap_8776501,7.200605892757335,0.2449544359854639,-1.2949211000583398,2.818546367476019,0.0208235473142,32.1769831748,48.0,-41.15,-71.33,790.0,20.0,Csb,C
1605,isomap_8793800,8.188788548357037,0.33488752182853665,5.760314475911595,3.729311154467414,0.0123270549007,71.179633157,216.0,-54.78,-68.28,10.0,20.0,ET,E
1606,isomap_8889000,7.81574749715318,0.24147473417608176,5.186930484829202,1.9676943323507123,0.022445683662,16.6478840132,92.0,-51.7,-57.87,51.0,20.0,ET,E
1607,isomap_8902200,7.904092229314356,0.04790187567260705,3.668177521889391,1.082138924467075,0.0104118165684,41.996889582,532.0,-75.58333333,-20.56666667,30.0,20.0,EF,E
1609,isomap_8906200,7.185912084263093,0.10128849878372317,-11.544901012747271,1.3497285425359862,0.0178125152998,29.1903491667,196.0,-67.57,-68.13,5.0,20.0,EF,E
1610,isomap_8906300,7.021450556590726,0.08614518836404327,-10.554227448530085,0.9067781188600554,0.025481923113,47.6100531865,527.0,-65.07944444,-63.9775,20.0,20.0,EF,E
1611,isomap_9000001,6.679642682864894,0.425052405362186,3.5338611341862354,1.7953563001668873,0.0742074580753,48.4657794858,81.0,31.0,164.0,0.0,20.0,N,N
1612,isomap_9106600,7.607066433921758,0.191877599462334,8.362046770483976,0.5598220912306273,0.16974969584,31.3498768607,260.0,28.22,-177.37,13.0,20.0,N,N
1613,isomap_9121700,7.34234855786522,0.19274516660758462,7.333657724898538,0.8849150120191612,0.122939720673,37.196640554,103.0,13.55,144.83,110.0,20.0,N,N
1614,isomap_9124500,7.897177599220317,0.32749520405698573,7.687250996073408,0.6803317650291563,0.291815775689,30.8951431935,121.0,19.28,166.65,3.0,20.0,N,N
1615,isomap_9127500,7.58842691374147,0.3518539705762411,6.986373028986338,0.8038040666482644,0.248609242555,29.5687388138,89.0,16.73,-169.52,2.0,20.0,N,N
1616,isomap_9128500,7.879569976958777,0.5637920582547091,10.791217769218791,1.2281306219771697,0.157482719138,27.3445739435,84.0,19.72,-155.07,9.0,20.0,Cfb,C
1617,isomap_9133400,7.368667764184197,0.2191249335590165,6.524944576028972,1.1343971099288466,0.0637909782091,15.8834791751,72.0,7.47,151.85,2.0,20.0,N,N
1618,isomap_9141300,7.210711702828487,0.25777832289933206,5.169771376374108,1.3415485154670408,0.0709562412436,25.3754414283,65.0,9.49,138.09,23.0,20.0,N,N
1622,isomap_9176200,7.761461189357023,0.15458875280044243,11.265069681432461,0.6695687707433701,0.0998631554782,13.1018536378,108.0,-13.8,-171.78,2.0,20.0,N,N
1623,isomap_9184300,8.333305332827168,0.1394582761767287,11.26378209481282,0.5998619005713082,0.0964442556463,10.7807383101,132.0,-21.2,-159.8,6.0,20.0,N,N
1624,isomap_9301100,8.419391771306245,0.07325414700568561,13.324485121765408,0.457233846264765,0.0871675620387,16.3966974564,229.0,-35.07,173.28,76.0,20.0,Cfb,C
1625,isomap_933,7.962261439047232,0.13724289108823737,2.0541635823819697,2.445991356036885,0.0159251865146,79.8319845704,136.0,52.2,-106.7,504.0,38.0,Dfb,D
1626,isomap_935,8.359282666718572,0.24024054682290524,6.006609387962611,2.34162733585623,0.0274056023382,25.9913644215,55.0,51.77,36.17,247.0,37.0,Dfb,D
1627,isomap_9384400,8.190890461626235,0.14776909615160097,10.915469675126788,1.031196943610754,0.0260476117055,12.7558129943,270.0,-46.42,168.32,2.0,20.0,Cfb,C
1629,isomap_9401400,7.791215071770234,0.15091915779107193,9.559759451434251,1.1463012128431567,0.0404088208907,17.2999832584,102.0,-5.22,145.8,4.0,20.0,Af,A
1630,isomap_941,7.937114422631773,0.0885553997423868,5.028072787651701,1.3314839918333683,0.0194279543271,10.4890985427,56.0,54.62,113.13,995.0,37.0,Dwc,D
1631,isomap_9412000,7.835507924053023,0.1178056190484567,10.468437036197738,0.5651448283517353,0.116643627216,29.2443560437,222.0,-12.43,130.87,26.0,20.0,Aw,A
1632,isomap_9432600,7.164020885375342,0.15478116838245554,5.571421256407717,0.8451919880390747,0.152102230869,83.5020147805,132.0,-23.8,133.88,546.0,20.0,BWh,B
1633,isomap_944,7.706992712573137,0.25458358183947055,1.1264424181101227,3.4609647452049854,0.0114258744639,21.5754363775,56.0,52.97,158.75,24.0,37.0,Dfc,D
1635,isomap_9457600,7.98517174923485,0.13237502666238876,13.44156857967529,0.5253984260884431,0.118302404983,28.016991487,332.0,-27.43,153.08,4.0,20.0,Cfa,C
1637,isomap_9460800,5.50088826617517,0.3128166421208762,5.055942852881175,1.1111706774830639,0.111527701986,41.9561123721,91.0,-31.95,115.97,17.0,20.0,Csa,C
1638,isomap_9460801,7.9252770028139095,0.23948964645788254,13.497216164376516,0.9706978696389656,0.091010887606,30.3732843365,161.0,-31.95,115.78,25.0,20.0,Csa,C
1639,isomap_9467500,7.605748263270006,0.19185122454650902,9.26169636204739,0.8713002421697454,0.106654081111,28.6768601966,112.0,-34.93,138.58,43.0,20.0,Csa,C
1642,isomap_9486800,7.520014589202694,0.12512283238063945,8.76114192595543,0.624551061769974,0.0722994402153,21.3067711709,276.0,-37.82,144.97,28.0,20.0,Cfb,C
1644,isomap_9495400,6.5876890081704955,0.13219073106234944,5.072915106584139,0.5263959939472967,0.108674427287,19.0347792196,200.0,-40.68,144.69,90.0,20.0,Cfb,C
1676,isomap_9674500,7.756987369319985,0.11206873490797416,9.513098454944654,0.6234818665672968,0.0570348411366,12.7700197402,225.0,-6.18,106.83,8.0,20.0,Af,A
1688,isomap_9769800,6.998256465675705,0.1244735873999808,1.9802100318992932,0.6919971488317546,0.0654647996925,28.5884550023,275.0,-2.53,140.72,3.0,20.0,Af,A
1698,isomap_9842901,7.717083112982408,0.14422728586945815,6.884065303963997,0.9068939774888254,0.0592661949564,22.0586059399,138.0,14.64,121.04,42.0,20.0,Am,A
1699,isomap_9844401,8.013133611673336,0.19762556523024408,12.626646260200701,1.0446884550972086,0.0824978525421,14.9118645294,54.0,13.03,123.92,600.0,20.0,Af,A
